Date;PVPP [MW]
01.07.2015;518,5
02.07.2015;550
03.07.2015;541
04.07.2015;531,3
05.07.2015;474,4
06.07.2015;471,2
07.07.2015;522
08.07.2015;224,4
09.07.2015;361,2
10.07.2015;511,9
11.07.2015;492,2
12.07.2015;453
13.07.2015;222,7
14.07.2015;224,7
15.07.2015;336,1
16.07.2015;442,1
17.07.2015;433,9
18.07.2015;424
19.07.2015;370,7
20.07.2015;381,7
21.07.2015;402,3
22.07.2015;468,3
23.07.2015;253,9
24.07.2015;372,8
25.07.2015;271,2
26.07.2015;490
27.07.2015;259
28.07.2015;313,2
29.07.2015;297,1
30.07.2015;435,3
31.07.2015;470,5
01.08.2015;434,2
02.08.2015;235
03.08.2015;451,6
04.08.2015;465,7
05.08.2015;455,6
06.08.2015;465,8
07.08.2015;457,9
08.08.2015;447,2
09.08.2015;435
10.08.2015;440,3
11.08.2015;410,2
12.08.2015;392,5
13.08.2015;440,4
14.08.2015;404,9
15.08.2015;365,6
16.08.2015;264,5
17.08.2015;76,8
18.08.2015;97,2
19.08.2015;99,3
20.08.2015;346
21.08.2015;445,2
22.08.2015;395,3
23.08.2015;398
24.08.2015;365,8
25.08.2015;206,4
26.08.2015;488,7
27.08.2015;437
28.08.2015;327,3
29.08.2015;462,5
30.08.2015;488,4
31.08.2015;452,2
01.09.2015;416,9
02.09.2015;261
03.09.2015;305,8
04.09.2015;338,8
05.09.2015;275,5
06.09.2015;222,3
07.09.2015;201
08.09.2015;347,7
09.09.2015;236
10.09.2015;305,8
11.09.2015;163,4
12.09.2015;334,9
13.09.2015;422,6
14.09.2015;166,2
15.09.2015;201,9
16.09.2015;339,7
17.09.2015;410,4
18.09.2015;223,9
19.09.2015;361,2
20.09.2015;268,1
21.09.2015;252
22.09.2015;357,9
23.09.2015;148,9
24.09.2015;245,9
25.09.2015;226,1
26.09.2015;152,4
27.09.2015;247,7
28.09.2015;392,3
29.09.2015;297,4
30.09.2015;184,8
01.10.2015;446,5
02.10.2015;436,2
03.10.2015;297,1
04.10.2015;195
05.10.2015;244,9
06.10.2015;152,7
07.10.2015;87,5
08.10.2015;73,7
09.10.2015;91
10.10.2015;117,1
11.10.2015;254,6
12.10.2015;305,7
13.10.2015;50,2
14.10.2015;43,3
15.10.2015;27,5
16.10.2015;49,2
17.10.2015;103,2
18.10.2015;86,3
19.10.2015;82,3
20.10.2015;73,8
21.10.2015;69,9
22.10.2015;116,6
23.10.2015;176,2
24.10.2015;303,8
25.10.2015;89,2
26.10.2015;228,7
27.10.2015;75,9
28.10.2015;94
29.10.2015;35,1
30.10.2015;44,7
31.10.2015;287,2
01.11.2015;329,7
02.11.2015;315,3
03.11.2015;272,4
04.11.2015;180,6
05.11.2015;203,6
06.11.2015;170,1
07.11.2015;55,9
08.11.2015;254,4
09.11.2015;56,8
10.11.2015;107,7
11.11.2015;55,2
12.11.2015;96,2
13.11.2015;178,4
14.11.2015;181,1
15.11.2015;20
16.11.2015;179,3
17.11.2015;38,1
18.11.2015;99,8
19.11.2015;53,1
20.11.2015;21,4
21.11.2015;80,4
22.11.2015;76,9
23.11.2015;89,6
24.11.2015;148,1
25.11.2015;60,2
26.11.2015;54,7
27.11.2015;55,4
28.11.2015;115,2
29.11.2015;45,8
30.11.2015;34,1
01.12.2015;59
02.12.2015;33,4
03.12.2015;86
04.12.2015;83,5
05.12.2015;110,5
06.12.2015;121,1
07.12.2015;70
08.12.2015;35
09.12.2015;13,4
10.12.2015;97,2
11.12.2015;89,8
12.12.2015;47,6
13.12.2015;50,4
14.12.2015;78,4
15.12.2015;24,8
16.12.2015;45,2
17.12.2015;15,6
18.12.2015;20,9
19.12.2015;55,2
20.12.2015;30,1
21.12.2015;16,4
22.12.2015;51,8
23.12.2015;117,9
24.12.2015;83,2
25.12.2015;55,5
26.12.2015;135,2
27.12.2015;102,9
28.12.2015;73,4
29.12.2015;87,8
30.12.2015;128,8
31.12.2015;173,2
01.01.2016;22,5
02.01.2016;8,3
03.01.2016;11,2
04.01.2016;15,1
05.01.2016;12,3
06.01.2016;18,5
07.01.2016;22,2
08.01.2016;143,7
09.01.2016;48,7
10.01.2016;48,1
11.01.2016;14,8
12.01.2016;61,7
13.01.2016;56,7
14.01.2016;147,3
15.01.2016;74,1
16.01.2016;34,5
17.01.2016;87,3
18.01.2016;83,2
19.01.2016;62,2
20.01.2016;36,5
21.01.2016;68,2
22.01.2016;148,6
23.01.2016;18,2
24.01.2016;53,6
25.01.2016;24,3
26.01.2016;104,3
27.01.2016;100,5
28.01.2016;46
29.01.2016;227,6
30.01.2016;183
31.01.2016;122,4
01.02.2016;34,8
02.02.2016;79,5
03.02.2016;51,3
04.02.2016;105,6
05.02.2016;160,4
06.02.2016;223,9
07.02.2016;176
08.02.2016;144,2
09.02.2016;139,6
10.02.2016;67,6
11.02.2016;142,5
12.02.2016;167,3
13.02.2016;109,6
14.02.2016;184,7
15.02.2016;86,9
16.02.2016;89,3
17.02.2016;19,3
18.02.2016;114,7
19.02.2016;71,6
20.02.2016;207,5
21.02.2016;60,5
22.02.2016;256,7
23.02.2016;58,3
24.02.2016;199,7
25.02.2016;167,3
26.02.2016;293,1
27.02.2016;213,4
28.02.2016;99,1
29.02.2016;28,1
01.03.2016;22,4
02.03.2016;94,8
03.03.2016;82,9
04.03.2016;254,3
05.03.2016;219,7
06.03.2016;129
07.03.2016;142,2
08.03.2016;81,7
09.03.2016;145,8
10.03.2016;229,3
11.03.2016;109,2
12.03.2016;103,6
13.03.2016;101,8
14.03.2016;419,2
15.03.2016;108,5
16.03.2016;152,8
17.03.2016;448,7
18.03.2016;452,5
19.03.2016;133,2
20.03.2016;154,8
21.03.2016;145,9
22.03.2016;192,8
23.03.2016;209,7
24.03.2016;204,7
25.03.2016;135,8
26.03.2016;153,2
27.03.2016;477,9
28.03.2016;381
29.03.2016;377,1
30.03.2016;178,7
31.03.2016;366,1
01.04.2016;143,8
02.04.2016;510,1
03.04.2016;435,3
04.04.2016;382,2
05.04.2016;449,7
06.04.2016;264
07.04.2016;236,3
08.04.2016;121,2
09.04.2016;102,5
10.04.2016;119,1
11.04.2016;169,3
12.04.2016;277,7
13.04.2016;394
14.04.2016;198,9
15.04.2016;222,5
16.04.2016;259
17.04.2016;271,3
18.04.2016;251,2
19.04.2016;291,5
20.04.2016;492,6
21.04.2016;564,5
22.04.2016;507,7
23.04.2016;250,6
24.04.2016;343
25.04.2016;386,2
26.04.2016;279,5
27.04.2016;198,2
28.04.2016;393,9
29.04.2016;542,8
30.04.2016;558,1
01.05.2016;316
02.05.2016;464,5
03.05.2016;311,4
04.05.2016;133,9
05.05.2016;419,6
06.05.2016;545,4
07.05.2016;550,7
08.05.2016;486
09.05.2016;509,1
10.05.2016;495,4
11.05.2016;423,6
12.05.2016;231,5
13.05.2016;241,8
14.05.2016;432,9
15.05.2016;332,3
16.05.2016;350,2
17.05.2016;231
18.05.2016;321,1
19.05.2016;388,4
20.05.2016;393
21.05.2016;487,8
22.05.2016;552,1
23.05.2016;436,3
24.05.2016;232,3
25.05.2016;324,5
26.05.2016;383,4
27.05.2016;401,1
28.05.2016;392,8
29.05.2016;384,5
30.05.2016;393
31.05.2016;384,5
01.06.2016;399
02.06.2016;359,9
03.06.2016;278
04.06.2016;419,3
05.06.2016;412,7
06.06.2016;470,8
07.06.2016;568,2
08.06.2016;515,8
09.06.2016;356
10.06.2016;424,8
11.06.2016;267,2
12.06.2016;324,6
13.06.2016;308,9
14.06.2016;418,3
15.06.2016;237,3
16.06.2016;462,9
17.06.2016;292,5
18.06.2016;485,8
19.06.2016;372,4
20.06.2016;189,3
21.06.2016;335,8
22.06.2016;451,2
23.06.2016;539,9
24.06.2016;518,4
25.06.2016;432,6
26.06.2016;295,4
27.06.2016;241,7
28.06.2016;431,8
29.06.2016;435,9
30.06.2016;361,8
01.07.2016;467,1
02.07.2016;352,2
03.07.2016;404,6
04.07.2016;480,3
05.07.2016;464,9
06.07.2016;428
07.07.2016;510,6
08.07.2016;465,7
09.07.2016;439,6
10.07.2016;511,6
11.07.2016;452,4
12.07.2016;277,1
13.07.2016;302,4
14.07.2016;126,7
15.07.2016;231
16.07.2016;318,9
17.07.2016;278,3
18.07.2016;431,3
19.07.2016;385,7
20.07.2016;435,7
21.07.2016;354,2
22.07.2016;432
23.07.2016;401,7
24.07.2016;258,3
25.07.2016;422,6
26.07.2016;372,5
27.07.2016;321,4
28.07.2016;325,9
29.07.2016;377,9
30.07.2016;421,5
31.07.2016;263,2
01.08.2016;401,7
02.08.2016;343,6
03.08.2016;249,5
04.08.2016;453,1
05.08.2016;161,6
06.08.2016;338,6
07.08.2016;491,2
08.08.2016;517,5
09.08.2016;189,2
10.08.2016;153,4
11.08.2016;412,8
12.08.2016;224,4
13.08.2016;287,9
14.08.2016;427,9
15.08.2016;428,5
16.08.2016;393,2
17.08.2016;439,7
18.08.2016;482,1
19.08.2016;411,5
20.08.2016;391,8
21.08.2016;169,8
22.08.2016;285,7
23.08.2016;423,3
24.08.2016;468,2
25.08.2016;511
26.08.2016;512,3
27.08.2016;503,9
28.08.2016;474,7
29.08.2016;214,6
30.08.2016;434,3
31.08.2016;509,3
01.09.2016;452,5
02.09.2016;362,3
03.09.2016;325,7
04.09.2016;341,4
05.09.2016;232,2
06.09.2016;248,9
07.09.2016;428,6
08.09.2016;454,5
09.09.2016;418,4
10.09.2016;413,6
11.09.2016;428,8
12.09.2016;433,5
13.09.2016;409,9
14.09.2016;401,6
15.09.2016;438,8
16.09.2016;347,3
17.09.2016;84,6
18.09.2016;118,4
19.09.2016;79,5
20.09.2016;281,5
21.09.2016;215,9
22.09.2016;390,7
23.09.2016;289,4
24.09.2016;333,9
25.09.2016;394,8
26.09.2016;353,3
27.09.2016;377,6
28.09.2016;284
29.09.2016;368,3
30.09.2016;336,3
01.10.2016;328,8
02.10.2016;100,3
03.10.2016;156,8
04.10.2016;103,7
05.10.2016;162,1
06.10.2016;68,8
07.10.2016;223,1
08.10.2016;119,2
09.10.2016;129,1
10.10.2016;133,4
11.10.2016;71,9
12.10.2016;39,9
13.10.2016;58,5
14.10.2016;84,5
15.10.2016;205,1
16.10.2016;180,4
17.10.2016;52,5
18.10.2016;38,1
19.10.2016;91,6
20.10.2016;93,1
21.10.2016;94,2
22.10.2016;174,9
23.10.2016;114,3
24.10.2016;122,7
25.10.2016;69,1
26.10.2016;100,7
27.10.2016;121,7
28.10.2016;156,4
29.10.2016;124,7
30.10.2016;121,9
31.10.2016;242,1
01.11.2016;219,9
02.11.2016;107,7
03.11.2016;207,4
04.11.2016;185,9
05.11.2016;114,7
06.11.2016;32,9
07.11.2016;113,3
08.11.2016;160,3
09.11.2016;187,9
10.11.2016;50,4
11.11.2016;62,2
12.11.2016;23,3
13.11.2016;215,8
14.11.2016;186,3
15.11.2016;88,2
16.11.2016;26,5
17.11.2016;28,3
18.11.2016;80,1
19.11.2016;14,4
20.11.2016;103
21.11.2016;115,8
22.11.2016;86,5
23.11.2016;32
24.11.2016;15,5
25.11.2016;27,5
26.11.2016;48,8
27.11.2016;46,4
28.11.2016;114,4
29.11.2016;190,1
30.11.2016;54,5
01.12.2016;17,1
02.12.2016;107,8
03.12.2016;171,3
04.12.2016;125,3
05.12.2016;57,1
06.12.2016;80,1
07.12.2016;100,7
08.12.2016;96,4
09.12.2016;32,3
10.12.2016;97,5
11.12.2016;26,2
12.12.2016;56,2
13.12.2016;64,2
14.12.2016;23,5
15.12.2016;21,5
16.12.2016;68,3
17.12.2016;51,1
18.12.2016;20,4
19.12.2016;21,7
20.12.2016;22,7
21.12.2016;23,6
22.12.2016;22,7
23.12.2016;27,6
24.12.2016;17,2
25.12.2016;16,2
26.12.2016;44,4
27.12.2016;34,9
28.12.2016;75,3
29.12.2016;129,9
30.12.2016;114,6
31.12.2016;104,6
01.01.2017;110,9
02.01.2017;36,5
03.01.2017;41,4
04.01.2017;37,1
05.01.2017;34,2
06.01.2017;46,2
07.01.2017;55,6
08.01.2017;33,7
09.01.2017;28,2
10.01.2017;41,7
11.01.2017;77,9
12.01.2017;52,4
13.01.2017;33,9
14.01.2017;40,4
15.01.2017;81
16.01.2017;74
17.01.2017;82,1
18.01.2017;143,6
19.01.2017;154,6
20.01.2017;146,9
21.01.2017;177,1
22.01.2017;214,9
23.01.2017;128,8
24.01.2017;29,6
25.01.2017;31,5
26.01.2017;117,8
27.01.2017;223,3
28.01.2017;61,1
29.01.2017;108,3
30.01.2017;138,4
31.01.2017;18,3
01.02.2017;8,5
02.02.2017;22,7
03.02.2017;63,3
04.02.2017;97,4
05.02.2017;157,6
06.02.2017;54,9
07.02.2017;88,3
08.02.2017;71,8
09.02.2017;78,6
10.02.2017;80,7
11.02.2017;61,8
12.02.2017;116,7
13.02.2017;319,2
14.02.2017;340,9
15.02.2017;363,1
16.02.2017;328,9
17.02.2017;108,6
18.02.2017;90
19.02.2017;189,4
20.02.2017;144,5
21.02.2017;78,1
22.02.2017;65,6
23.02.2017;91,9
24.02.2017;201,8
25.02.2017;353,6
26.02.2017;131
27.02.2017;341,2
28.02.2017;131,9
01.03.2017;178,5
02.03.2017;271
03.03.2017;342,4
04.03.2017;379,8
05.03.2017;174,6
06.03.2017;162,6
07.03.2017;124
08.03.2017;285,3
09.03.2017;151,3
10.03.2017;103,2
11.03.2017;264,6
12.03.2017;225,6
13.03.2017;399,3
14.03.2017;241,9
15.03.2017;165,1
16.03.2017;440,9
17.03.2017;326,4
18.03.2017;79,7
19.03.2017;163,4
20.03.2017;193,2
21.03.2017;203,9
22.03.2017;74,1
23.03.2017;127
24.03.2017;227,7
25.03.2017;396,4
26.03.2017;525,7
27.03.2017;509,7
28.03.2017;500,9
29.03.2017;376,7
30.03.2017;233,5
31.03.2017;489,2
01.04.2017;492,3
02.04.2017;443,7
03.04.2017;241,9
04.04.2017;251,6
05.04.2017;242,5
06.04.2017;287,7
07.04.2017;108,7
08.04.2017;210
09.04.2017;412,7
10.04.2017;506,5
11.04.2017;292,5
12.04.2017;228,6
13.04.2017;205,8
14.04.2017;349,6
15.04.2017;214,1
16.04.2017;352,7
17.04.2017;207,8
18.04.2017;261,5
19.04.2017;187,6
20.04.2017;255,7
21.04.2017;430,5
22.04.2017;177,1
23.04.2017;343,6
24.04.2017;528,7
25.04.2017;277
26.04.2017;105,3
27.04.2017;155,8
28.04.2017;94,5
29.04.2017;363,6
30.04.2017;460,9
01.05.2017;467,3
02.05.2017;317,9
03.05.2017;383,1
04.05.2017;298,6
05.05.2017;223,3
06.05.2017;384,2
07.05.2017;333,9
08.05.2017;376,3
09.05.2017;290,9
10.05.2017;500,9
11.05.2017;549,4
12.05.2017;349,4
13.05.2017;362,4
14.05.2017;376,3
15.05.2017;345,1
16.05.2017;462,8
17.05.2017;495,8
18.05.2017;557,4
19.05.2017;559,6
20.05.2017;152,5
21.05.2017;397,7
22.05.2017;486,5
23.05.2017;444,5
24.05.2017;358,5
25.05.2017;284,3
26.05.2017;490,4
27.05.2017;545,4
28.05.2017;564,4
29.05.2017;521,9
30.05.2017;446,6
31.05.2017;443,8
01.06.2017;535,5
02.06.2017;529,5
03.06.2017;515,3
04.06.2017;268,5
05.06.2017;488,9
06.06.2017;360,5
07.06.2017;434,5
08.06.2017;541,3
09.06.2017;549,2
10.06.2017;412,4
11.06.2017;550,8
12.06.2017;398,7
13.06.2017;502,6
14.06.2017;535,6
15.06.2017;540
16.06.2017;343,3
17.06.2017;272,3
18.06.2017;423,4
19.06.2017;550,7
20.06.2017;528,9
21.06.2017;499,2
22.06.2017;517
23.06.2017;407,8
24.06.2017;543,5
25.06.2017;378
26.06.2017;361,6
27.06.2017;289,3
28.06.2017;417,8
29.06.2017;251
30.06.2017;409,2
01.07.2017;358,6
02.07.2017;295,2
03.07.2017;487,6
04.07.2017;349,5
05.07.2017;458,1
06.07.2017;499,9
07.07.2017;390,3
08.07.2017;451,6
09.07.2017;422,3
10.07.2017;399,4
11.07.2017;316,3
12.07.2017;322,5
13.07.2017;471,9
14.07.2017;345
15.07.2017;297,6
16.07.2017;444,7
17.07.2017;336,9
18.07.2017;433,3
19.07.2017;468,6
20.07.2017;417,7
21.07.2017;430
22.07.2017;393,6
23.07.2017;341,5
24.07.2017;156,2
25.07.2017;268
26.07.2017;262,3
27.07.2017;206,9
28.07.2017;391,1
29.07.2017;476,5
30.07.2017;477,5
31.07.2017;481,6
01.08.2017;492,8
02.08.2017;391,5
03.08.2017;298
04.08.2017;274
05.08.2017;490,2
06.08.2017;218,3
07.08.2017;508,1
08.08.2017;447,3
09.08.2017;407
10.08.2017;344
11.08.2017;191,7
12.08.2017;310,5
13.08.2017;320,3
14.08.2017;473,9
15.08.2017;482,8
16.08.2017;275,3
17.08.2017;427
18.08.2017;433,7
19.08.2017;164,1
20.08.2017;343,4
21.08.2017;388,5
22.08.2017;342,4
23.08.2017;492,6
24.08.2017;406,4
25.08.2017;409,1
26.08.2017;395,7
27.08.2017;354
28.08.2017;433,9
29.08.2017;499,8
30.08.2017;493,5
31.08.2017;356,3
01.09.2017;94,3
02.09.2017;186,6
03.09.2017;190,5
04.09.2017;394,7
05.09.2017;419
06.09.2017;214,2
07.09.2017;248,3
08.09.2017;379,9
09.09.2017;336,3
10.09.2017;160,6
11.09.2017;170,5
12.09.2017;179,5
13.09.2017;221,6
14.09.2017;233
15.09.2017;237,7
16.09.2017;66,9
17.09.2017;131,5
18.09.2017;293,4
19.09.2017;178,9
20.09.2017;159,2
21.09.2017;146,7
22.09.2017;171,4
23.09.2017;162
24.09.2017;89,5
25.09.2017;141,5
26.09.2017;169,1
27.09.2017;294,7
28.09.2017;307
29.09.2017;366,3
30.09.2017;399,4
01.10.2017;309,4
02.10.2017;331,3
03.10.2017;65,7
04.10.2017;231,1
05.10.2017;107
06.10.2017;182,5
07.10.2017;197,7
08.10.2017;109,3
09.10.2017;262,8
10.10.2017;80,1
11.10.2017;131,4
12.10.2017;198,9
13.10.2017;251,7
14.10.2017;279
15.10.2017;357,2
16.10.2017;342,5
17.10.2017;301,6
18.10.2017;146,6
19.10.2017;187,2
20.10.2017;145,3
21.10.2017;96,3
22.10.2017;91,6
23.10.2017;54,9
24.10.2017;123,2
25.10.2017;102
26.10.2017;155,5
27.10.2017;79,4
28.10.2017;48,6
29.10.2017;116,2
30.10.2017;196,4
31.10.2017;92,9
01.11.2017;72,1
02.11.2017;151
03.11.2017;137,8
04.11.2017;173,8
05.11.2017;67,6
06.11.2017;61,2
07.11.2017;121,7
08.11.2017;19,9
09.11.2017;30
10.11.2017;26,4
11.11.2017;150,6
12.11.2017;90,7
13.11.2017;53,8
14.11.2017;123,2
15.11.2017;167,3
16.11.2017;96,9
17.11.2017;26,9
18.11.2017;70,7
19.11.2017;77,5
20.11.2017;59,4
21.11.2017;20,4
22.11.2017;136,8
23.11.2017;119,2
24.11.2017;87,1
25.11.2017;23,7
26.11.2017;78,5
27.11.2017;108,3
28.11.2017;50,3
29.11.2017;25,9
30.11.2017;18,2
01.12.2017;83,5
02.12.2017;87,6
03.12.2017;47,8
04.12.2017;25,4
05.12.2017;24,3
06.12.2017;22,9
07.12.2017;167,6
08.12.2017;31,5
09.12.2017;67,4
10.12.2017;125,2
11.12.2017;35
12.12.2017;25,9
13.12.2017;162,9
14.12.2017;75,5
15.12.2017;66
16.12.2017;38,9
17.12.2017;58,7
18.12.2017;47,4
19.12.2017;36
20.12.2017;16,4
21.12.2017;11,3
22.12.2017;35,8
23.12.2017;36,4
24.12.2017;39,6
25.12.2017;84,8
26.12.2017;57
27.12.2017;54,4
28.12.2017;17,2
29.12.2017;60,4
30.12.2017;38,2
31.12.2017;36,9
01.01.2018;34,7
02.01.2018;48,3
03.01.2018;19,5
04.01.2018;57,2
05.01.2018;49,6
06.01.2018;97,5
07.01.2018;13,2
08.01.2018;10,4
09.01.2018;61,1
10.01.2018;9,4
11.01.2018;31,7
12.01.2018;19,5
13.01.2018;14,4
14.01.2018;53,9
15.01.2018;56,4
16.01.2018;22,1
17.01.2018;43,3
18.01.2018;25,1
19.01.2018;51,4
20.01.2018;60,8
21.01.2018;53,3
22.01.2018;82,7
23.01.2018;32,6
24.01.2018;60,5
25.01.2018;116,2
26.01.2018;56,8
27.01.2018;26,4
28.01.2018;57,1
29.01.2018;159,2
30.01.2018;229,9
31.01.2018;108,7
01.02.2018;34,4
02.02.2018;91,3
03.02.2018;75
04.02.2018;156,3
05.02.2018;111
06.02.2018;172,3
07.02.2018;24,2
08.02.2018;49,2
09.02.2018;64,4
10.02.2018;37,5
11.02.2018;119,7
12.02.2018;113,5
13.02.2018;185,2
14.02.2018;176,2
15.02.2018;173
16.02.2018;114,7
17.02.2018;55,4
18.02.2018;55,1
19.02.2018;316,3
20.02.2018;143,2
21.02.2018;295,9
22.02.2018;314,4
23.02.2018;292,6
24.02.2018;313,6
25.02.2018;407,9
26.02.2018;327,5
27.02.2018;264,7
28.02.2018;299,5
01.03.2018;361,4
02.03.2018;89,6
03.03.2018;289,8
04.03.2018;303,2
05.03.2018;91
06.03.2018;37,2
07.03.2018;152,4
08.03.2018;298
09.03.2018;212,5
10.03.2018;230,3
11.03.2018;320
12.03.2018;73,8
13.03.2018;215,1
14.03.2018;105,4
15.03.2018;269
16.03.2018;63,2
17.03.2018;45,1
18.03.2018;182,3
19.03.2018;228,2
20.03.2018;282,5
21.03.2018;411,9
22.03.2018;339,7
23.03.2018;113,5
24.03.2018;284,3
25.03.2018;306
26.03.2018;126,8
27.03.2018;228,4
28.03.2018;201,1
29.03.2018;260,6
30.03.2018;326,9
31.03.2018;124,5
01.04.2018;244,7
02.04.2018;393,2
03.04.2018;431,7
04.04.2018;340
05.04.2018;259,5
06.04.2018;484
07.04.2018;470,6
08.04.2018;307,4
09.04.2018;473,9
10.04.2018;400
11.04.2018;440,8
12.04.2018;413,5
13.04.2018;255,6
14.04.2018;490,5
15.04.2018;319,5
16.04.2018;105
17.04.2018;411,1
18.04.2018;525
19.04.2018;514,9
20.04.2018;522
21.04.2018;517,1
22.04.2018;496,8
23.04.2018;304
24.04.2018;417,7
25.04.2018;457,2
26.04.2018;297,2
27.04.2018;510,7
28.04.2018;496,8
29.04.2018;499,4
30.04.2018;470,1
01.05.2018;406,7
02.05.2018;430,5
03.05.2018;410,5
04.05.2018;463,4
05.05.2018;511,5
06.05.2018;562,2
07.05.2018;570,6
08.05.2018;431,5
09.05.2018;369,8
10.05.2018;409
11.05.2018;374,6
12.05.2018;457,5
13.05.2018;531,4
14.05.2018;484,2
15.05.2018;265,9
16.05.2018;238,8
17.05.2018;148,8
18.05.2018;466,2
19.05.2018;429,5
20.05.2018;550,7
21.05.2018;536,5
22.05.2018;492,1
23.05.2018;404,2
24.05.2018;376,3
25.05.2018;373,2
26.05.2018;511,5
27.05.2018;498,5
28.05.2018;463,4
29.05.2018;469,4
30.05.2018;379,7
31.05.2018;512,6
01.06.2018;346,6
02.06.2018;447,3
03.06.2018;392,2
04.06.2018;484,8
05.06.2018;448,1
06.06.2018;488,4
07.06.2018;479
08.06.2018;394,9
09.06.2018;374,1
10.06.2018;383,2
11.06.2018;415,5
12.06.2018;310,1
13.06.2018;179,1
14.06.2018;257,5
15.06.2018;443,1
16.06.2018;445,1
17.06.2018;387,6
18.06.2018;405,7
19.06.2018;386,3
20.06.2018;432,2
21.06.2018;472,1
22.06.2018;290,4
23.06.2018;278,2
24.06.2018;270,6
25.06.2018;337,8
26.06.2018;386,2
27.06.2018;385,6
28.06.2018;128,3
29.06.2018;435,5
30.06.2018;520,6
01.07.2018;464,1
02.07.2018;515,5
03.07.2018;546,3
04.07.2018;524,4
05.07.2018;437,7
06.07.2018;297,5
07.07.2018;525,1
08.07.2018;426,7
09.07.2018;386,5
10.07.2018;199,4
11.07.2018;274,6
12.07.2018;290,2
13.07.2018;366
14.07.2018;460,5
15.07.2018;468,3
16.07.2018;382,4
17.07.2018;326,1
18.07.2018;263,1
19.07.2018;432,4
20.07.2018;458,4
21.07.2018;419,2
22.07.2018;283,7
23.07.2018;421
24.07.2018;485,1
25.07.2018;418,8
26.07.2018;405,6
27.07.2018;435
28.07.2018;418,6
29.07.2018;443,6
30.07.2018;420,5
31.07.2018;475,7
01.08.2018;450,2
02.08.2018;409
03.08.2018;437,3
04.08.2018;417,2
05.08.2018;387,1
06.08.2018;507,5
07.08.2018;490,9
08.08.2018;404,8
09.08.2018;455,4
10.08.2018;239,6
11.08.2018;402,6
12.08.2018;492
13.08.2018;451,6
14.08.2018;328,7
15.08.2018;366
16.08.2018;433,5
17.08.2018;472
18.08.2018;421,4
19.08.2018;431,4
20.08.2018;427,9
21.08.2018;408,4
22.08.2018;443,5
23.08.2018;407,9
24.08.2018;241,4
25.08.2018;197,9
26.08.2018;338,2
27.08.2018;478,3
28.08.2018;370,7
29.08.2018;456
30.08.2018;233,2
31.08.2018;308,6
01.09.2018;98
02.09.2018;203,6
03.09.2018;200
04.09.2018;274
05.09.2018;407,2
06.09.2018;416
07.09.2018;299,2
08.09.2018;381,6
09.09.2018;377,1
10.09.2018;438,3
11.09.2018;351,3
12.09.2018;469
13.09.2018;277,3
14.09.2018;100,9
15.09.2018;329,4
16.09.2018;459,5
17.09.2018;430,9
18.09.2018;440,6
19.09.2018;344,7
20.09.2018;403,7
21.09.2018;396,2
22.09.2018;288,6
23.09.2018;111,9
24.09.2018;301,1
25.09.2018;299,5
26.09.2018;433,8
27.09.2018;347,5
28.09.2018;411,5
29.09.2018;423,1
30.09.2018;466,5
01.10.2018;191,6
02.10.2018;161,4
03.10.2018;222,3
04.10.2018;351,6
05.10.2018;428,5
06.10.2018;368,3
07.10.2018;196,7
08.10.2018;238,1
09.10.2018;304,8
10.10.2018;348
11.10.2018;380,3
12.10.2018;358,9
13.10.2018;367,7
14.10.2018;372,8
15.10.2018;276,7
16.10.2018;316,1
17.10.2018;269,7
18.10.2018;253,9
19.10.2018;158,6
20.10.2018;163,4
21.10.2018;169,6
22.10.2018;296
23.10.2018;88,7
24.10.2018;126,9
25.10.2018;75,8
26.10.2018;128,8
27.10.2018;45,4
28.10.2018;28,7
29.10.2018;61,4
30.10.2018;266
31.10.2018;308,4
01.11.2018;122,2
02.11.2018;174,9
03.11.2018;32,2
04.11.2018;108
05.11.2018;151
06.11.2018;221,7
07.11.2018;150
08.11.2018;78,9
09.11.2018;49,2
10.11.2018;58,8
11.11.2018;81,1
12.11.2018;56,4
13.11.2018;51,9
14.11.2018;216,1
15.11.2018;187,2
16.11.2018;198,2
17.11.2018;234,2
18.11.2018;178,9
19.11.2018;69,7
20.11.2018;22,3
21.11.2018;19,9
22.11.2018;19
23.11.2018;21,2
24.11.2018;15,8
25.11.2018;27,5
26.11.2018;27
27.11.2018;64,5
28.11.2018;172,5
29.11.2018;191,9
30.11.2018;68,5
01.12.2018;14,2
02.12.2018;13,2
03.12.2018;38,7
04.12.2018;58,9
05.12.2018;164
06.12.2018;40,3
07.12.2018;21,3
08.12.2018;78,1
09.12.2018;49,8
10.12.2018;62
11.12.2018;18,6
12.12.2018;22,5
13.12.2018;61,5
14.12.2018;42,5
15.12.2018;13
16.12.2018;14,5
17.12.2018;26,2
18.12.2018;52,9
19.12.2018;45,6
20.12.2018;13,5
21.12.2018;22,8
22.12.2018;31,7
23.12.2018;44,7
24.12.2018;45,3
25.12.2018;26,6
26.12.2018;37,4
27.12.2018;40,1
28.12.2018;89,4
29.12.2018;26,8
30.12.2018;28
31.12.2018;80,4
01.01.2019;15,5
02.01.2019;45,7
03.01.2019;23,3
04.01.2019;15,1
05.01.2019;28,3
06.01.2019;37,9
07.01.2019;41,4
08.01.2019;37,7
09.01.2019;23,4
10.01.2019;22,7
11.01.2019;70,4
12.01.2019;27,4
13.01.2019;41,7
14.01.2019;69,5
15.01.2019;46,4
16.01.2019;70
17.01.2019;98,6
18.01.2019;114,8
19.01.2019;207,7
20.01.2019;54,2
21.01.2019;211,1
22.01.2019;119,4
23.01.2019;107
24.01.2019;31
25.01.2019;69,9
26.01.2019;20
27.01.2019;80,2
28.01.2019;33,8
29.01.2019;104,8
30.01.2019;208,6
31.01.2019;142,4
01.02.2019;67,4
02.02.2019;64,5
03.02.2019;14,1
04.02.2019;80,6
05.02.2019;239,8
06.02.2019;123,5
07.02.2019;173,1
08.02.2019;212,1
09.02.2019;172,2
10.02.2019;116,9
11.02.2019;85,8
12.02.2019;120,8
13.02.2019;116,6
14.02.2019;207,1
15.02.2019;330,2
16.02.2019;327,2
17.02.2019;347,6
18.02.2019;330,7
19.02.2019;304,2
20.02.2019;207,6
21.02.2019;162,2
22.02.2019;146,5
23.02.2019;314,1
24.02.2019;149,5
25.02.2019;307,2
26.02.2019;217,4
27.02.2019;396,5
28.02.2019;378,6
01.03.2019;104,8
02.03.2019;76,3
03.03.2019;150,1
04.03.2019;226,8
05.03.2019;193,4
06.03.2019;378,4
07.03.2019;267,6
08.03.2019;252,1
09.03.2019;151,1
10.03.2019;76,1
11.03.2019;205,6
12.03.2019;255,2
13.03.2019;228,1
14.03.2019;172,3
15.03.2019;163,6
16.03.2019;116,3
17.03.2019;425,2
18.03.2019;209,5
19.03.2019;297,4
20.03.2019;374,9
21.03.2019;476,5
22.03.2019;445
23.03.2019;468,2
24.03.2019;255,3
25.03.2019;304,5
26.03.2019;217
27.03.2019;260,4
28.03.2019;154,2
29.03.2019;409,3
30.03.2019;495,6
31.03.2019;448,3
01.04.2019;486,5
02.04.2019;460
03.04.2019;399,1
04.04.2019;445,5
05.04.2019;392,3
06.04.2019;321,9
07.04.2019;345,8
08.04.2019;401,3
09.04.2019;433,4
10.04.2019;328,3
11.04.2019;332,6
12.04.2019;218,5
13.04.2019;214,3
14.04.2019;213,8
15.04.2019;551,8
16.04.2019;542,5
17.04.2019;483,4
18.04.2019;544,8
19.04.2019;554,7
20.04.2019;553,3
21.04.2019;556
22.04.2019;556,9
23.04.2019;233,9
24.04.2019;375,1
25.04.2019;515,2
26.04.2019;379,1
27.04.2019;198,8
28.04.2019;298,2
29.04.2019;97
30.04.2019;323,9
01.05.2019;375,4
02.05.2019;427,6
03.05.2019;185,1
04.05.2019;242,6
05.05.2019;249,7
06.05.2019;282,7
07.05.2019;342,5
08.05.2019;490,7
09.05.2019;230,6
10.05.2019;333,2
11.05.2019;278
12.05.2019;162,1
13.05.2019;359,3
14.05.2019;294,1
15.05.2019;96
16.05.2019;149,6
17.05.2019;366,8
18.05.2019;455
19.05.2019;438,5
20.05.2019;198,1
21.05.2019;315,9
22.05.2019;84,6
23.05.2019;272,9
24.05.2019;509,8
25.05.2019;431,1
26.05.2019;459,3
27.05.2019;384,5
28.05.2019;136,8
29.05.2019;225,5
30.05.2019;453,5
31.05.2019;424,4
01.06.2019;459
02.06.2019;512,6
03.06.2019;525
04.06.2019;497,7
05.06.2019;487,5
06.06.2019;317,4
07.06.2019;389,1
08.06.2019;368
09.06.2019;520,5
10.06.2019;440,5
11.06.2019;500,1
12.06.2019;514,5
13.06.2019;442,5
14.06.2019;515,6
15.06.2019;435,1
16.06.2019;287,2
17.06.2019;468,1
18.06.2019;501,8
19.06.2019;411,2
20.06.2019;392,1
21.06.2019;412,1
22.06.2019;273
23.06.2019;305,6
24.06.2019;524,1
25.06.2019;521,1
26.06.2019;516
27.06.2019;531,3
28.06.2019;514,3
29.06.2019;544,7
30.06.2019;539,5
01.07.2019;401,1