Datum;Uhrzeit;Gesamt[MWh]
03.06.2019;00:00;10.937
03.06.2019;00:15;10.761
03.06.2019;00:30;10.671,25
03.06.2019;00:45;10.532,75
03.06.2019;01:00;10.349,5
03.06.2019;01:15;10.261,5
03.06.2019;01:30;10.242,5
03.06.2019;01:45;10.242
03.06.2019;02:00;10.156,5
03.06.2019;02:15;10.115,5
03.06.2019;02:30;10.135,75
03.06.2019;02:45;10.081
03.06.2019;03:00;10.042,75
03.06.2019;03:15;10.026
03.06.2019;03:30;10.061,5
03.06.2019;03:45;10.091
03.06.2019;04:00;10.132,75
03.06.2019;04:15;10.133,5
03.06.2019;04:30;10.221,5
03.06.2019;04:45;10.296,25
03.06.2019;05:00;10.651,75
03.06.2019;05:15;10.896,25
03.06.2019;05:30;11.195,25
03.06.2019;05:45;11.615,25
03.06.2019;06:00;12.415,75
03.06.2019;06:15;13.041,25
03.06.2019;06:30;13.539,5
03.06.2019;06:45;13.973,75
03.06.2019;07:00;14.403,5
03.06.2019;07:15;14.746,75
03.06.2019;07:30;15.099
03.06.2019;07:45;15.330,75
03.06.2019;08:00;15.342,25
03.06.2019;08:15;15.544
03.06.2019;08:30;15.688
03.06.2019;08:45;15.926
03.06.2019;09:00;15.837,75
03.06.2019;09:15;15.989,25
03.06.2019;09:30;16.148
03.06.2019;09:45;16.327,25
03.06.2019;10:00;16.347,75
03.06.2019;10:15;16.451,75
03.06.2019;10:30;16.511,25
03.06.2019;10:45;16.642,25
03.06.2019;11:00;16.749,5
03.06.2019;11:15;16.931,25
03.06.2019;11:30;16.985,5
03.06.2019;11:45;17.077,5
03.06.2019;12:00;16.935
03.06.2019;12:15;16.947
03.06.2019;12:30;17.000,25
03.06.2019;12:45;17.002
03.06.2019;13:00;16.968,75
03.06.2019;13:15;16.884,5
03.06.2019;13:30;16.808
03.06.2019;13:45;16.695,75
03.06.2019;14:00;16.556,75
03.06.2019;14:15;16.542,5
03.06.2019;14:30;16.548,25
03.06.2019;14:45;16.429,25
03.06.2019;15:00;16.490,75
03.06.2019;15:15;16.547,25
03.06.2019;15:30;16.529,25
03.06.2019;15:45;16.425,25
03.06.2019;16:00;16.403
03.06.2019;16:15;16.305
03.06.2019;16:30;16.199,25
03.06.2019;16:45;16.033,5
03.06.2019;17:00;16.105,75
03.06.2019;17:15;16.082,25
03.06.2019;17:30;16.076,25
03.06.2019;17:45;16.002
03.06.2019;18:00;15.899,5
03.06.2019;18:15;15.642,75
03.06.2019;18:30;15.491,5
03.06.2019;18:45;15.413,5
03.06.2019;19:00;15.392,5
03.06.2019;19:15;15.427
03.06.2019;19:30;15.435
03.06.2019;19:45;15.396
03.06.2019;20:00;15.213,75
03.06.2019;20:15;14.995,75
03.06.2019;20:30;14.891,5
03.06.2019;20:45;14.794,5
03.06.2019;21:00;14.554,75
03.06.2019;21:15;14.401,25
03.06.2019;21:30;14.282,25
03.06.2019;21:45;14.110
03.06.2019;22:00;13.810,25
03.06.2019;22:15;13.653,75
03.06.2019;22:30;13.403,25
03.06.2019;22:45;13.081,75
03.06.2019;23:00;12.754,75
03.06.2019;23:15;12.581,25
03.06.2019;23:30;12.358,75
03.06.2019;23:45;12.193,75
04.06.2019;00:00;11.806,75
04.06.2019;00:15;11.624,5
04.06.2019;00:30;11.532,5
04.06.2019;00:45;11.457,75
04.06.2019;01:00;11.330
04.06.2019;01:15;11.227,75
04.06.2019;01:30;11.196
04.06.2019;01:45;11.157,5
04.06.2019;02:00;11.024,5
04.06.2019;02:15;11.028,25
04.06.2019;02:30;10.987,25
04.06.2019;02:45;11.000,25
04.06.2019;03:00;10.984,25
04.06.2019;03:15;10.979,75
04.06.2019;03:30;11.018,75
04.06.2019;03:45;11.022,5
04.06.2019;04:00;11.111,75
04.06.2019;04:15;11.168,75
04.06.2019;04:30;11.273,5
04.06.2019;04:45;11.368,75
04.06.2019;05:00;11.635
04.06.2019;05:15;11.772
04.06.2019;05:30;12.093,75
04.06.2019;05:45;12.493,25
04.06.2019;06:00;13.264,25
04.06.2019;06:15;13.869,75
04.06.2019;06:30;14.236,25
04.06.2019;06:45;14.559,75
04.06.2019;07:00;14.878,75
04.06.2019;07:15;15.088
04.06.2019;07:30;15.367,5
04.06.2019;07:45;15.578
04.06.2019;08:00;15.667,75
04.06.2019;08:15;15.781,5
04.06.2019;08:30;15.859
04.06.2019;08:45;16.027,25
04.06.2019;09:00;15.924,25
04.06.2019;09:15;16.062
04.06.2019;09:30;16.250
04.06.2019;09:45;16.418
04.06.2019;10:00;16.427,25
04.06.2019;10:15;16.460,75
04.06.2019;10:30;16.524,5
04.06.2019;10:45;16.672,75
04.06.2019;11:00;16.703
04.06.2019;11:15;16.786,75
04.06.2019;11:30;16.864
04.06.2019;11:45;16.914,25
04.06.2019;12:00;16.752
04.06.2019;12:15;16.747
04.06.2019;12:30;16.793,5
04.06.2019;12:45;16.835,25
04.06.2019;13:00;16.834,75
04.06.2019;13:15;16.766
04.06.2019;13:30;16.723
04.06.2019;13:45;16.593
04.06.2019;14:00;16.476
04.06.2019;14:15;16.523,75
04.06.2019;14:30;16.472,5
04.06.2019;14:45;16.367,25
04.06.2019;15:00;16.322
04.06.2019;15:15;16.227
04.06.2019;15:30;16.081,5
04.06.2019;15:45;15.960,75
04.06.2019;16:00;15.926
04.06.2019;16:15;15.796,75
04.06.2019;16:30;15.718,75
04.06.2019;16:45;15.687,75
04.06.2019;17:00;15.780,75
04.06.2019;17:15;15.742,25
04.06.2019;17:30;15.756,5
04.06.2019;17:45;15.786
04.06.2019;18:00;15.551,75
04.06.2019;18:15;15.509,75
04.06.2019;18:30;15.473,75
04.06.2019;18:45;15.466
04.06.2019;19:00;15.398,75
04.06.2019;19:15;15.295,5
04.06.2019;19:30;15.261,25
04.06.2019;19:45;15.247,75
04.06.2019;20:00;15.175,5
04.06.2019;20:15;14.981
04.06.2019;20:30;14.874,25
04.06.2019;20:45;14.737,5
04.06.2019;21:00;14.543,25
04.06.2019;21:15;14.337,5
04.06.2019;21:30;14.342,5
04.06.2019;21:45;14.218,5
04.06.2019;22:00;14.158,75
04.06.2019;22:15;13.986,25
04.06.2019;22:30;13.670,25
04.06.2019;22:45;13.456,5
04.06.2019;23:00;13.123,75
04.06.2019;23:15;12.943,75
04.06.2019;23:30;12.878,25
04.06.2019;23:45;12.686
05.06.2019;00:00;12.434,25
05.06.2019;00:15;12.304,25
05.06.2019;00:30;12.224
05.06.2019;00:45;12.031
05.06.2019;01:00;11.880,25
05.06.2019;01:15;11.865,5
05.06.2019;01:30;11.754,25
05.06.2019;01:45;11.687,25
05.06.2019;02:00;11.511,5
05.06.2019;02:15;11.477,25
05.06.2019;02:30;11.446,25
05.06.2019;02:45;11.350,5
05.06.2019;03:00;11.386,5
05.06.2019;03:15;11.333,5
05.06.2019;03:30;11.253
05.06.2019;03:45;11.278
05.06.2019;04:00;11.402,75
05.06.2019;04:15;11.498,5
05.06.2019;04:30;11.605
05.06.2019;04:45;11.727,5
05.06.2019;05:00;11.975,5
05.06.2019;05:15;11.997,5
05.06.2019;05:30;12.212
05.06.2019;05:45;12.533,5
05.06.2019;06:00;13.269
05.06.2019;06:15;13.808,25
05.06.2019;06:30;14.286,75
05.06.2019;06:45;14.686,5
05.06.2019;07:00;15.172
05.06.2019;07:15;15.516,5
05.06.2019;07:30;15.794,25
05.06.2019;07:45;15.972,25
05.06.2019;08:00;16.189
05.06.2019;08:15;16.388,75
05.06.2019;08:30;16.457
05.06.2019;08:45;16.501,75
05.06.2019;09:00;16.348
05.06.2019;09:15;16.425,75
05.06.2019;09:30;16.481,5
05.06.2019;09:45;16.667,25
05.06.2019;10:00;16.811
05.06.2019;10:15;16.956
05.06.2019;10:30;17.105,5
05.06.2019;10:45;17.316,75
05.06.2019;11:00;17.344,25
05.06.2019;11:15;17.449,5
05.06.2019;11:30;17.397
05.06.2019;11:45;17.400,5
05.06.2019;12:00;17.280,75
05.06.2019;12:15;17.294
05.06.2019;12:30;17.294,75
05.06.2019;12:45;17.322
05.06.2019;13:00;17.324
05.06.2019;13:15;17.311,5
05.06.2019;13:30;17.182,25
05.06.2019;13:45;17.045,25
05.06.2019;14:00;16.913,75
05.06.2019;14:15;16.893
05.06.2019;14:30;16.820
05.06.2019;14:45;16.764,25
05.06.2019;15:00;16.632,5
05.06.2019;15:15;16.562,5
05.06.2019;15:30;16.522
05.06.2019;15:45;16.310,25
05.06.2019;16:00;16.332,75
05.06.2019;16:15;16.298,5
05.06.2019;16:30;16.193
05.06.2019;16:45;16.102,75
05.06.2019;17:00;16.021,75
05.06.2019;17:15;15.943,5
05.06.2019;17:30;15.873,25
05.06.2019;17:45;15.777,5
05.06.2019;18:00;15.670,25
05.06.2019;18:15;15.535,75
05.06.2019;18:30;15.519
05.06.2019;18:45;15.500
05.06.2019;19:00;15.433,5
05.06.2019;19:15;15.326,75
05.06.2019;19:30;15.284,75
05.06.2019;19:45;15.297,5
05.06.2019;20:00;15.110
05.06.2019;20:15;14.879,25
05.06.2019;20:30;14.594,5
05.06.2019;20:45;14.525,75
05.06.2019;21:00;14.204,5
05.06.2019;21:15;14.039
05.06.2019;21:30;13.977,25
05.06.2019;21:45;13.920
05.06.2019;22:00;13.753,25
05.06.2019;22:15;13.669
05.06.2019;22:30;13.456
05.06.2019;22:45;13.228,75
05.06.2019;23:00;12.923,25
05.06.2019;23:15;12.728
05.06.2019;23:30;12.512,75
05.06.2019;23:45;12.228,25
06.06.2019;00:00;12.194
06.06.2019;00:15;12.014,75
06.06.2019;00:30;11.961,5
06.06.2019;00:45;11.920,75
06.06.2019;01:00;11.824
06.06.2019;01:15;11.681,25
06.06.2019;01:30;11.607,75
06.06.2019;01:45;11.450,75
06.06.2019;02:00;11.299
06.06.2019;02:15;11.330,25
06.06.2019;02:30;11.465,25
06.06.2019;02:45;11.458,5
06.06.2019;03:00;11.581,25
06.06.2019;03:15;11.588
06.06.2019;03:30;11.560,25
06.06.2019;03:45;11.516,5
06.06.2019;04:00;11.561
06.06.2019;04:15;11.557,25
06.06.2019;04:30;11.611,5
06.06.2019;04:45;11.721
06.06.2019;05:00;12.096
06.06.2019;05:15;12.316
06.06.2019;05:30;12.482,5
06.06.2019;05:45;12.696,75
06.06.2019;06:00;13.431
06.06.2019;06:15;13.933,25
06.06.2019;06:30;14.265,75
06.06.2019;06:45;14.607,25
06.06.2019;07:00;14.975,25
06.06.2019;07:15;15.276,75
06.06.2019;07:30;15.617,25
06.06.2019;07:45;15.941,5
06.06.2019;08:00;16.129,5
06.06.2019;08:15;16.204,75
06.06.2019;08:30;16.310,25
06.06.2019;08:45;16.420
06.06.2019;09:00;16.342,75
06.06.2019;09:15;16.372
06.06.2019;09:30;16.509
06.06.2019;09:45;16.640,25
06.06.2019;10:00;16.717,5
06.06.2019;10:15;16.759
06.06.2019;10:30;16.915
06.06.2019;10:45;17.044,25
06.06.2019;11:00;17.116
06.06.2019;11:15;17.200,75
06.06.2019;11:30;17.262,75
06.06.2019;11:45;17.372,25
06.06.2019;12:00;17.281,25
06.06.2019;12:15;17.238,25
06.06.2019;12:30;17.175,5
06.06.2019;12:45;17.130,25
06.06.2019;13:00;17.173,75
06.06.2019;13:15;17.086,25
06.06.2019;13:30;16.962,25
06.06.2019;13:45;16.701,75
06.06.2019;14:00;16.574
06.06.2019;14:15;16.638,25
06.06.2019;14:30;16.574,75
06.06.2019;14:45;16.520,75
06.06.2019;15:00;16.433,75
06.06.2019;15:15;16.353,5
06.06.2019;15:30;16.210,25
06.06.2019;15:45;15.977
06.06.2019;16:00;16.002,5
06.06.2019;16:15;15.875,5
06.06.2019;16:30;15.791,25
06.06.2019;16:45;15.723
06.06.2019;17:00;15.679
06.06.2019;17:15;15.573
06.06.2019;17:30;15.625,5
06.06.2019;17:45;15.533,5
06.06.2019;18:00;15.243,75
06.06.2019;18:15;15.065,5
06.06.2019;18:30;15.095,25
06.06.2019;18:45;15.026,5
06.06.2019;19:00;14.940,25
06.06.2019;19:15;14.734,25
06.06.2019;19:30;14.610
06.06.2019;19:45;14.581,25
06.06.2019;20:00;14.410
06.06.2019;20:15;14.295
06.06.2019;20:30;14.011
06.06.2019;20:45;13.831,75
06.06.2019;21:00;13.620,25
06.06.2019;21:15;13.482
06.06.2019;21:30;13.315
06.06.2019;21:45;13.251,5
06.06.2019;22:00;13.217,75
06.06.2019;22:15;13.019,25
06.06.2019;22:30;12.827,5
06.06.2019;22:45;12.663,75
06.06.2019;23:00;12.313
06.06.2019;23:15;12.105,75
06.06.2019;23:30;11.904,5
06.06.2019;23:45;11.747,75
07.06.2019;00:00;11.537,75
07.06.2019;00:15;11.355
07.06.2019;00:30;11.248
07.06.2019;00:45;11.162,25
07.06.2019;01:00;10.999,25
07.06.2019;01:15;10.919,75
07.06.2019;01:30;10.795,75
07.06.2019;01:45;10.766
07.06.2019;02:00;10.604,75
07.06.2019;02:15;10.573,25
07.06.2019;02:30;10.542,75
07.06.2019;02:45;10.622,25
07.06.2019;03:00;10.682,25
07.06.2019;03:15;10.733,25
07.06.2019;03:30;10.704,25
07.06.2019;03:45;10.674,25
07.06.2019;04:00;10.773
07.06.2019;04:15;10.885,75
07.06.2019;04:30;10.955,75
07.06.2019;04:45;11.027,5
07.06.2019;05:00;11.240
07.06.2019;05:15;11.459,75
07.06.2019;05:30;11.714,75
07.06.2019;05:45;12.044,5
07.06.2019;06:00;12.584,25
07.06.2019;06:15;12.999,75
07.06.2019;06:30;13.373,75
07.06.2019;06:45;13.726,5
07.06.2019;07:00;14.034,5
07.06.2019;07:15;14.310,25
07.06.2019;07:30;14.570,5
07.06.2019;07:45;14.844,5
07.06.2019;08:00;15.120,75
07.06.2019;08:15;15.201,75
07.06.2019;08:30;15.280,5
07.06.2019;08:45;15.376,5
07.06.2019;09:00;15.329,5
07.06.2019;09:15;15.460,5
07.06.2019;09:30;15.667,25
07.06.2019;09:45;15.792
07.06.2019;10:00;15.827,25
07.06.2019;10:15;15.902,5
07.06.2019;10:30;16.047,75
07.06.2019;10:45;16.208,5
07.06.2019;11:00;16.185,75
07.06.2019;11:15;16.313
07.06.2019;11:30;16.462,75
07.06.2019;11:45;16.390,5
07.06.2019;12:00;16.310
07.06.2019;12:15;16.349,5
07.06.2019;12:30;16.374,75
07.06.2019;12:45;16.334,25
07.06.2019;13:00;16.126
07.06.2019;13:15;16.101,5
07.06.2019;13:30;16.050
07.06.2019;13:45;15.951,75
07.06.2019;14:00;15.776,25
07.06.2019;14:15;15.645,75
07.06.2019;14:30;15.541
07.06.2019;14:45;15.490,25
07.06.2019;15:00;15.542
07.06.2019;15:15;15.501,5
07.06.2019;15:30;15.437
07.06.2019;15:45;15.343,25
07.06.2019;16:00;15.339,5
07.06.2019;16:15;15.301
07.06.2019;16:30;15.255,25
07.06.2019;16:45;15.245,5
07.06.2019;17:00;15.257,75
07.06.2019;17:15;15.236,75
07.06.2019;17:30;15.082
07.06.2019;17:45;15.010,75
07.06.2019;18:00;14.802,75
07.06.2019;18:15;14.734,75
07.06.2019;18:30;14.625,75
07.06.2019;18:45;14.540,75
07.06.2019;19:00;14.477,5
07.06.2019;19:15;14.296,75
07.06.2019;19:30;14.357,25
07.06.2019;19:45;14.348
07.06.2019;20:00;14.179,25
07.06.2019;20:15;13.997,75
07.06.2019;20:30;13.955,25
07.06.2019;20:45;13.785,75
07.06.2019;21:00;13.570
07.06.2019;21:15;13.253,5
07.06.2019;21:30;13.212
07.06.2019;21:45;13.271
07.06.2019;22:00;13.244,5
07.06.2019;22:15;13.065,5
07.06.2019;22:30;12.751,75
07.06.2019;22:45;12.501,75
07.06.2019;23:00;12.299
07.06.2019;23:15;12.271,25
07.06.2019;23:30;12.216,75
07.06.2019;23:45;12.003
08.06.2019;00:00;11.779
08.06.2019;00:15;11.448
08.06.2019;00:30;11.345,25
08.06.2019;00:45;11.347,5
08.06.2019;01:00;11.250,5
08.06.2019;01:15;11.122,75
08.06.2019;01:30;11.074,75
08.06.2019;01:45;10.996,75
08.06.2019;02:00;10.894,25
08.06.2019;02:15;10.794
08.06.2019;02:30;10.822,25
08.06.2019;02:45;10.720
08.06.2019;03:00;10.535,25
08.06.2019;03:15;10.479,25
08.06.2019;03:30;10.529,25
08.06.2019;03:45;10.549,5
08.06.2019;04:00;10.637,25
08.06.2019;04:15;10.518
08.06.2019;04:30;10.577,75
08.06.2019;04:45;10.498,75
08.06.2019;05:00;10.397
08.06.2019;05:15;10.444,75
08.06.2019;05:30;10.496,5
08.06.2019;05:45;10.654,25
08.06.2019;06:00;10.908,25
08.06.2019;06:15;11.129,5
08.06.2019;06:30;11.335,5
08.06.2019;06:45;11.492,5
08.06.2019;07:00;11.645,75
08.06.2019;07:15;11.769,25
08.06.2019;07:30;12.047,25
08.06.2019;07:45;12.096,5
08.06.2019;08:00;12.338,5
08.06.2019;08:15;12.605,75
08.06.2019;08:30;12.799,75
08.06.2019;08:45;12.998,5
08.06.2019;09:00;13.215,5
08.06.2019;09:15;13.420,75
08.06.2019;09:30;13.503
08.06.2019;09:45;13.682,75
08.06.2019;10:00;13.590,25
08.06.2019;10:15;13.811,5
08.06.2019;10:30;14.037,75
08.06.2019;10:45;14.153,5
08.06.2019;11:00;14.434,25
08.06.2019;11:15;14.508,5
08.06.2019;11:30;14.513
08.06.2019;11:45;14.534,25
08.06.2019;12:00;14.353,75
08.06.2019;12:15;13.995,75
08.06.2019;12:30;14.098,25
08.06.2019;12:45;13.665,5
08.06.2019;13:00;13.501,25
08.06.2019;13:15;13.517
08.06.2019;13:30;13.465,75
08.06.2019;13:45;13.327,5
08.06.2019;14:00;12.969,75
08.06.2019;14:15;12.786,25
08.06.2019;14:30;12.624,5
08.06.2019;14:45;12.560,25
08.06.2019;15:00;12.441,5
08.06.2019;15:15;12.412,75
08.06.2019;15:30;12.394,25
08.06.2019;15:45;12.347,75
08.06.2019;16:00;12.355,25
08.06.2019;16:15;12.338,5
08.06.2019;16:30;12.321
08.06.2019;16:45;12.343
08.06.2019;17:00;12.667,75
08.06.2019;17:15;12.694,25
08.06.2019;17:30;12.658,5
08.06.2019;17:45;12.693
08.06.2019;18:00;12.854,25
08.06.2019;18:15;12.669,5
08.06.2019;18:30;12.499,75
08.06.2019;18:45;12.450,5
08.06.2019;19:00;12.502
08.06.2019;19:15;12.487,75
08.06.2019;19:30;12.363,75
08.06.2019;19:45;12.177,75
08.06.2019;20:00;12.126
08.06.2019;20:15;11.982,5
08.06.2019;20:30;11.777,75
08.06.2019;20:45;11.584,25
08.06.2019;21:00;11.424,75
08.06.2019;21:15;11.273,75
08.06.2019;21:30;11.291,25
08.06.2019;21:45;11.300,25
08.06.2019;22:00;11.344,75
08.06.2019;22:15;11.208,25
08.06.2019;22:30;11.042,5
08.06.2019;22:45;10.877,25
08.06.2019;23:00;10.646,25
08.06.2019;23:15;10.486,75
08.06.2019;23:30;10.363,75
08.06.2019;23:45;10.194,75
09.06.2019;00:00;10.032,75
09.06.2019;00:15;9.875,25
09.06.2019;00:30;9.737,25
09.06.2019;00:45;9.586,5
09.06.2019;01:00;9.435,25
09.06.2019;01:15;9.374,25
09.06.2019;01:30;9.324,25
09.06.2019;01:45;9.298
09.06.2019;02:00;9.173
09.06.2019;02:15;9.198,5
09.06.2019;02:30;9.118,25
09.06.2019;02:45;9.059,75
09.06.2019;03:00;9.044
09.06.2019;03:15;8.987
09.06.2019;03:30;8.942
09.06.2019;03:45;8.888,25
09.06.2019;04:00;8.922,25
09.06.2019;04:15;8.874,25
09.06.2019;04:30;8.808,25
09.06.2019;04:45;8.718
09.06.2019;05:00;8.742
09.06.2019;05:15;8.676,5
09.06.2019;05:30;8.710
09.06.2019;05:45;8.681,75
09.06.2019;06:00;8.662,25
09.06.2019;06:15;8.771,75
09.06.2019;06:30;8.950,5
09.06.2019;06:45;9.028
09.06.2019;07:00;9.263,75
09.06.2019;07:15;9.466,75
09.06.2019;07:30;9.686,25
09.06.2019;07:45;9.896,5
09.06.2019;08:00;10.127,75
09.06.2019;08:15;10.397,25
09.06.2019;08:30;10.667,25
09.06.2019;08:45;10.854,5
09.06.2019;09:00;11.023,75
09.06.2019;09:15;11.160,25
09.06.2019;09:30;11.265,25
09.06.2019;09:45;11.386,5
09.06.2019;10:00;11.466,5
09.06.2019;10:15;11.590
09.06.2019;10:30;11.621,75
09.06.2019;10:45;11.854,75
09.06.2019;11:00;12.020
09.06.2019;11:15;12.114
09.06.2019;11:30;12.213,25
09.06.2019;11:45;12.217,75
09.06.2019;12:00;12.295,25
09.06.2019;12:15;12.212,25
09.06.2019;12:30;12.083,75
09.06.2019;12:45;11.949,5
09.06.2019;13:00;11.789
09.06.2019;13:15;11.682,5
09.06.2019;13:30;11.580,5
09.06.2019;13:45;11.417
09.06.2019;14:00;11.337,75
09.06.2019;14:15;11.258,5
09.06.2019;14:30;11.172,75
09.06.2019;14:45;11.037,75
09.06.2019;15:00;11.027
09.06.2019;15:15;10.992,25
09.06.2019;15:30;10.895,75
09.06.2019;15:45;10.809,5
09.06.2019;16:00;10.847,25
09.06.2019;16:15;10.750,75
09.06.2019;16:30;10.799,75
09.06.2019;16:45;10.761,75
09.06.2019;17:00;10.873,5
09.06.2019;17:15;10.802
09.06.2019;17:30;10.798,75
09.06.2019;17:45;10.872
09.06.2019;18:00;10.901,5
09.06.2019;18:15;10.923,5
09.06.2019;18:30;10.911,75
09.06.2019;18:45;10.900,5
09.06.2019;19:00;10.899
09.06.2019;19:15;10.888,5
09.06.2019;19:30;10.882,5
09.06.2019;19:45;10.804,75
09.06.2019;20:00;10.875,75
09.06.2019;20:15;10.763,5
09.06.2019;20:30;10.704
09.06.2019;20:45;10.654,75
09.06.2019;21:00;10.649
09.06.2019;21:15;10.640,75
09.06.2019;21:30;10.663,5
09.06.2019;21:45;10.693,25
09.06.2019;22:00;10.754
09.06.2019;22:15;10.615
09.06.2019;22:30;10.530,75
09.06.2019;22:45;10.436,25
09.06.2019;23:00;10.211,5
09.06.2019;23:15;10.029,75
09.06.2019;23:30;9.870,5
09.06.2019;23:45;9.782,75
10.06.2019;00:00;9.670
10.06.2019;00:15;9.533
10.06.2019;00:30;9.440,25
10.06.2019;00:45;9.356,5
10.06.2019;01:00;9.157,75
10.06.2019;01:15;9.094,25
10.06.2019;01:30;9.022,25
10.06.2019;01:45;8.976,75
10.06.2019;02:00;8.964,75
10.06.2019;02:15;8.912,5
10.06.2019;02:30;8.885,75
10.06.2019;02:45;8.788,75
10.06.2019;03:00;8.749,5
10.06.2019;03:15;8.689,5
10.06.2019;03:30;8.712,25
10.06.2019;03:45;8.635
10.06.2019;04:00;8.723,25
10.06.2019;04:15;8.739,5
10.06.2019;04:30;8.739,25
10.06.2019;04:45;8.705,5
10.06.2019;05:00;8.701
10.06.2019;05:15;8.667,5
10.06.2019;05:30;8.709,25
10.06.2019;05:45;8.780
10.06.2019;06:00;8.934,5
10.06.2019;06:15;9.046,75
10.06.2019;06:30;9.138,75
10.06.2019;06:45;9.165,75
10.06.2019;07:00;9.284,75
10.06.2019;07:15;9.515,5
10.06.2019;07:30;9.630
10.06.2019;07:45;9.857,25
10.06.2019;08:00;10.102,75
10.06.2019;08:15;10.231,75
10.06.2019;08:30;10.473
10.06.2019;08:45;10.627,75
10.06.2019;09:00;10.823,25
10.06.2019;09:15;10.950,75
10.06.2019;09:30;11.036,75
10.06.2019;09:45;11.120,5
10.06.2019;10:00;11.323,75
10.06.2019;10:15;11.461
10.06.2019;10:30;11.541,75
10.06.2019;10:45;11.711,25
10.06.2019;11:00;11.829
10.06.2019;11:15;11.949,5
10.06.2019;11:30;12.111,5
10.06.2019;11:45;12.264,5
10.06.2019;12:00;12.182,25
10.06.2019;12:15;12.150,25
10.06.2019;12:30;12.127,5
10.06.2019;12:45;12.132
10.06.2019;13:00;11.971,5
10.06.2019;13:15;11.925,5
10.06.2019;13:30;11.861,25
10.06.2019;13:45;11.699,75
10.06.2019;14:00;11.508,25
10.06.2019;14:15;11.469,5
10.06.2019;14:30;11.440,25
10.06.2019;14:45;11.563,5
10.06.2019;15:00;11.712,5
10.06.2019;15:15;11.568
10.06.2019;15:30;11.392,25
10.06.2019;15:45;11.389,75
10.06.2019;16:00;11.576,25
10.06.2019;16:15;11.652
10.06.2019;16:30;11.588
10.06.2019;16:45;11.636,75
10.06.2019;17:00;11.770,75
10.06.2019;17:15;11.813,5
10.06.2019;17:30;11.969
10.06.2019;17:45;12.067,75
10.06.2019;18:00;12.130
10.06.2019;18:15;12.163,5
10.06.2019;18:30;12.201,75
10.06.2019;18:45;12.191,5
10.06.2019;19:00;12.185,5
10.06.2019;19:15;12.020
10.06.2019;19:30;11.987,25
10.06.2019;19:45;11.840,25
10.06.2019;20:00;11.789
10.06.2019;20:15;11.707,25
10.06.2019;20:30;11.616,25
10.06.2019;20:45;11.589,75
10.06.2019;21:00;11.547
10.06.2019;21:15;11.546,5
10.06.2019;21:30;11.616,75
10.06.2019;21:45;11.714,75
10.06.2019;22:00;11.717,25
10.06.2019;22:15;11.551,25
10.06.2019;22:30;11.353
10.06.2019;22:45;11.244
10.06.2019;23:00;10.974,5
10.06.2019;23:15;10.639,75
10.06.2019;23:30;10.382
10.06.2019;23:45;10.380,5
11.06.2019;00:00;10.230,5
11.06.2019;00:15;10.091
11.06.2019;00:30;10.020,5
11.06.2019;00:45;9.939
11.06.2019;01:00;9.871,75
11.06.2019;01:15;9.788,75
11.06.2019;01:30;9.721,5
11.06.2019;01:45;9.646,75
11.06.2019;02:00;9.552,75
11.06.2019;02:15;9.559
11.06.2019;02:30;9.529
11.06.2019;02:45;9.547
11.06.2019;03:00;9.570,5
11.06.2019;03:15;9.509,25
11.06.2019;03:30;9.508,75
11.06.2019;03:45;9.601,5
11.06.2019;04:00;9.746,5
11.06.2019;04:15;9.780,75
11.06.2019;04:30;9.898,5
11.06.2019;04:45;10.045,5
11.06.2019;05:00;10.463,25
11.06.2019;05:15;10.724
11.06.2019;05:30;11.037,25
11.06.2019;05:45;11.546,75
11.06.2019;06:00;12.324,5
11.06.2019;06:15;12.844,25
11.06.2019;06:30;13.315
11.06.2019;06:45;13.613,75
11.06.2019;07:00;14.063
11.06.2019;07:15;14.408,75
11.06.2019;07:30;14.720
11.06.2019;07:45;14.899
11.06.2019;08:00;14.993,25
11.06.2019;08:15;15.100,75
11.06.2019;08:30;15.157,75
11.06.2019;08:45;15.356,25
11.06.2019;09:00;15.409,5
11.06.2019;09:15;15.495,25
11.06.2019;09:30;15.577,75
11.06.2019;09:45;15.684,5
11.06.2019;10:00;15.812,75
11.06.2019;10:15;15.895
11.06.2019;10:30;16.010
11.06.2019;10:45;16.157,25
11.06.2019;11:00;16.232,75
11.06.2019;11:15;16.441,25
11.06.2019;11:30;16.401
11.06.2019;11:45;16.524,25
11.06.2019;12:00;16.375,25
11.06.2019;12:15;16.402,5
11.06.2019;12:30;16.412
11.06.2019;12:45;16.459,75
11.06.2019;13:00;16.366,25
11.06.2019;13:15;16.318,5
11.06.2019;13:30;16.166,25
11.06.2019;13:45;15.993,75
11.06.2019;14:00;15.888,75
11.06.2019;14:15;15.909,5
11.06.2019;14:30;15.846,25
11.06.2019;14:45;15.812
11.06.2019;15:00;15.877,5
11.06.2019;15:15;15.737,5
11.06.2019;15:30;15.652,5
11.06.2019;15:45;15.593,25
11.06.2019;16:00;15.455,25
11.06.2019;16:15;15.333
11.06.2019;16:30;15.340,75
11.06.2019;16:45;15.317,5
11.06.2019;17:00;15.244,5
11.06.2019;17:15;15.205,25
11.06.2019;17:30;15.286,75
11.06.2019;17:45;15.292
11.06.2019;18:00;15.117
11.06.2019;18:15;15.095,75
11.06.2019;18:30;15.126,25
11.06.2019;18:45;15.078,5
11.06.2019;19:00;15.005
11.06.2019;19:15;14.808,75
11.06.2019;19:30;14.746,25
11.06.2019;19:45;14.625,25
11.06.2019;20:00;14.491,75
11.06.2019;20:15;14.212,75
11.06.2019;20:30;14.038,5
11.06.2019;20:45;13.900,25
11.06.2019;21:00;13.850,75
11.06.2019;21:15;13.749,75
11.06.2019;21:30;13.692,75
11.06.2019;21:45;13.618,25
11.06.2019;22:00;13.446,25
11.06.2019;22:15;13.403,25
11.06.2019;22:30;13.163
11.06.2019;22:45;12.956,5
11.06.2019;23:00;12.652
11.06.2019;23:15;12.498,75
11.06.2019;23:30;12.353,25
11.06.2019;23:45;12.132,75
12.06.2019;00:00;11.816,75
12.06.2019;00:15;11.714,5
12.06.2019;00:30;11.599,5
12.06.2019;00:45;11.568,5
12.06.2019;01:00;11.238,25
12.06.2019;01:15;11.184,5
12.06.2019;01:30;11.176,5
12.06.2019;01:45;11.284
12.06.2019;02:00;11.080,25
12.06.2019;02:15;11.122
12.06.2019;02:30;10.962,25
12.06.2019;02:45;11.004,75
12.06.2019;03:00;11.010,75
12.06.2019;03:15;10.954,25
12.06.2019;03:30;11.137
12.06.2019;03:45;11.288,5
12.06.2019;04:00;11.340,25
12.06.2019;04:15;11.232,25
12.06.2019;04:30;11.206,75
12.06.2019;04:45;11.205,5
12.06.2019;05:00;11.588,5
12.06.2019;05:15;11.765,25
12.06.2019;05:30;11.922,25
12.06.2019;05:45;12.357,5
12.06.2019;06:00;13.052,25
12.06.2019;06:15;13.505,75
12.06.2019;06:30;13.904,25
12.06.2019;06:45;14.185,75
12.06.2019;07:00;14.568,75
12.06.2019;07:15;14.823,5
12.06.2019;07:30;14.996,25
12.06.2019;07:45;15.218,5
12.06.2019;08:00;15.449,75
12.06.2019;08:15;15.547,5
12.06.2019;08:30;15.657
12.06.2019;08:45;15.741
12.06.2019;09:00;15.818,25
12.06.2019;09:15;15.910,5
12.06.2019;09:30;15.999,75
12.06.2019;09:45;16.251,75
12.06.2019;10:00;16.358,75
12.06.2019;10:15;16.453,5
12.06.2019;10:30;16.552,25
12.06.2019;10:45;16.839
12.06.2019;11:00;17.080
12.06.2019;11:15;17.216,5
12.06.2019;11:30;17.317
12.06.2019;11:45;17.245
12.06.2019;12:00;17.087,5
12.06.2019;12:15;17.039,5
12.06.2019;12:30;16.921,25
12.06.2019;12:45;16.925
12.06.2019;13:00;16.802,25
12.06.2019;13:15;16.792
12.06.2019;13:30;16.631
12.06.2019;13:45;16.528,75
12.06.2019;14:00;16.372,75
12.06.2019;14:15;16.461
12.06.2019;14:30;16.608
12.06.2019;14:45;16.505,5
12.06.2019;15:00;16.274
12.06.2019;15:15;16.193,75
12.06.2019;15:30;16.069,5
12.06.2019;15:45;16.000,75
12.06.2019;16:00;15.946
12.06.2019;16:15;15.717,25
12.06.2019;16:30;15.610,25
12.06.2019;16:45;15.731,5
12.06.2019;17:00;15.506
12.06.2019;17:15;15.563,75
12.06.2019;17:30;15.556,75
12.06.2019;17:45;15.433,75
12.06.2019;18:00;15.333,5
12.06.2019;18:15;15.262
12.06.2019;18:30;15.274,25
12.06.2019;18:45;15.215,5
12.06.2019;19:00;15.143,25
12.06.2019;19:15;15.020,75
12.06.2019;19:30;14.830,25
12.06.2019;19:45;14.693,75
12.06.2019;20:00;14.618
12.06.2019;20:15;14.542,75
12.06.2019;20:30;14.481,5
12.06.2019;20:45;14.296
12.06.2019;21:00;14.112,25
12.06.2019;21:15;14.028
12.06.2019;21:30;13.814,75
12.06.2019;21:45;13.623,75
12.06.2019;22:00;13.464,75
12.06.2019;22:15;13.388,25
12.06.2019;22:30;13.219,25
12.06.2019;22:45;12.900,25
12.06.2019;23:00;12.660,75
12.06.2019;23:15;12.529,25
12.06.2019;23:30;12.261,75
12.06.2019;23:45;11.993,25
13.06.2019;00:00;11.749,75
13.06.2019;00:15;11.599
13.06.2019;00:30;11.442,25
13.06.2019;00:45;11.397
13.06.2019;01:00;11.193,5
13.06.2019;01:15;11.158,75
13.06.2019;01:30;10.966,5
13.06.2019;01:45;10.915,5
13.06.2019;02:00;10.831,75
13.06.2019;02:15;10.799,75
13.06.2019;02:30;10.749
13.06.2019;02:45;10.741,5
13.06.2019;03:00;10.805
13.06.2019;03:15;10.814,5
13.06.2019;03:30;10.807,5
13.06.2019;03:45;10.839,5
13.06.2019;04:00;11.074
13.06.2019;04:15;11.149,75
13.06.2019;04:30;11.128,75
13.06.2019;04:45;11.176
13.06.2019;05:00;11.432
13.06.2019;05:15;11.553,25
13.06.2019;05:30;11.805,5
13.06.2019;05:45;12.169,5
13.06.2019;06:00;12.819,25
13.06.2019;06:15;13.287,75
13.06.2019;06:30;13.638
13.06.2019;06:45;13.947
13.06.2019;07:00;14.364
13.06.2019;07:15;14.606
13.06.2019;07:30;14.776,25
13.06.2019;07:45;15.010,5
13.06.2019;08:00;15.212,75
13.06.2019;08:15;15.367,25
13.06.2019;08:30;15.439,75
13.06.2019;08:45;15.546
13.06.2019;09:00;15.570,75
13.06.2019;09:15;15.694,25
13.06.2019;09:30;15.834,25
13.06.2019;09:45;15.847,75
13.06.2019;10:00;15.745,75
13.06.2019;10:15;15.841,25
13.06.2019;10:30;15.971,75
13.06.2019;10:45;16.221,5
13.06.2019;11:00;16.322,75
13.06.2019;11:15;16.485,75
13.06.2019;11:30;16.691,25
13.06.2019;11:45;16.739,75
13.06.2019;12:00;16.650,5
13.06.2019;12:15;16.643,5
13.06.2019;12:30;16.628,25
13.06.2019;12:45;16.580,25
13.06.2019;13:00;16.616
13.06.2019;13:15;16.556,75
13.06.2019;13:30;16.556
13.06.2019;13:45;16.415,5
13.06.2019;14:00;16.343,25
13.06.2019;14:15;16.261,75
13.06.2019;14:30;16.132
13.06.2019;14:45;16.057,5
13.06.2019;15:00;16.061,25
13.06.2019;15:15;15.923,5
13.06.2019;15:30;15.823
13.06.2019;15:45;15.655,75
13.06.2019;16:00;15.545,75
13.06.2019;16:15;15.375
13.06.2019;16:30;15.269,25
13.06.2019;16:45;15.165
13.06.2019;17:00;15.214,5
13.06.2019;17:15;15.242,75
13.06.2019;17:30;15.206,75
13.06.2019;17:45;15.236,5
13.06.2019;18:00;15.029,5
13.06.2019;18:15;14.895,75
13.06.2019;18:30;14.855
13.06.2019;18:45;14.816,75
13.06.2019;19:00;14.738,5
13.06.2019;19:15;14.571
13.06.2019;19:30;14.502,75
13.06.2019;19:45;14.464,5
13.06.2019;20:00;14.236
13.06.2019;20:15;14.008,75
13.06.2019;20:30;13.701,5
13.06.2019;20:45;13.567,5
13.06.2019;21:00;13.499,5
13.06.2019;21:15;13.256,75
13.06.2019;21:30;13.128,75
13.06.2019;21:45;13.111,5
13.06.2019;22:00;13.215,25
13.06.2019;22:15;13.198,75
13.06.2019;22:30;12.949,75
13.06.2019;22:45;12.694,5
13.06.2019;23:00;12.554,5
13.06.2019;23:15;12.351,5
13.06.2019;23:30;12.137,5
13.06.2019;23:45;12.019
14.06.2019;00:00;11.774,75
14.06.2019;00:15;11.561,25
14.06.2019;00:30;11.425,5
14.06.2019;00:45;11.371,5
14.06.2019;01:00;11.219,75
14.06.2019;01:15;11.117
14.06.2019;01:30;10.988,25
14.06.2019;01:45;10.900,5
14.06.2019;02:00;10.818,25
14.06.2019;02:15;10.897,25
14.06.2019;02:30;10.938,25
14.06.2019;02:45;10.905,5
14.06.2019;03:00;10.955,75
14.06.2019;03:15;10.932,75
14.06.2019;03:30;10.878,25
14.06.2019;03:45;10.866,25
14.06.2019;04:00;10.935,5
14.06.2019;04:15;10.935,75
14.06.2019;04:30;11.050,25
14.06.2019;04:45;11.027,75
14.06.2019;05:00;11.263,75
14.06.2019;05:15;11.399,5
14.06.2019;05:30;11.610
14.06.2019;05:45;11.953,75
14.06.2019;06:00;12.562,75
14.06.2019;06:15;13.155,5
14.06.2019;06:30;13.600,25
14.06.2019;06:45;13.911
14.06.2019;07:00;14.312,75
14.06.2019;07:15;14.543,25
14.06.2019;07:30;14.818
14.06.2019;07:45;15.033,75
14.06.2019;08:00;15.389,5
14.06.2019;08:15;15.520,25
14.06.2019;08:30;15.648,5
14.06.2019;08:45;15.801,25
14.06.2019;09:00;15.789,75
14.06.2019;09:15;15.816,25
14.06.2019;09:30;15.894,75
14.06.2019;09:45;16.042,25
14.06.2019;10:00;16.100,25
14.06.2019;10:15;16.237,5
14.06.2019;10:30;16.350,75
14.06.2019;10:45;16.476,25
14.06.2019;11:00;16.552
14.06.2019;11:15;16.645,25
14.06.2019;11:30;16.624,25
14.06.2019;11:45;16.670,5
14.06.2019;12:00;16.632,75
14.06.2019;12:15;16.536
14.06.2019;12:30;16.490
14.06.2019;12:45;16.386,5
14.06.2019;13:00;16.323,25
14.06.2019;13:15;16.237,75
14.06.2019;13:30;16.146,5
14.06.2019;13:45;16.029,25
14.06.2019;14:00;15.989,25
14.06.2019;14:15;16.019
14.06.2019;14:30;15.885
14.06.2019;14:45;15.842,25
14.06.2019;15:00;15.800,25
14.06.2019;15:15;15.693
14.06.2019;15:30;15.500,25
14.06.2019;15:45;15.490,25
14.06.2019;16:00;15.364
14.06.2019;16:15;15.319
14.06.2019;16:30;15.255,25
14.06.2019;16:45;15.149,5
14.06.2019;17:00;15.100,75
14.06.2019;17:15;14.929,5
14.06.2019;17:30;14.928,75
14.06.2019;17:45;14.867,75
14.06.2019;18:00;14.721,5
14.06.2019;18:15;14.567,25
14.06.2019;18:30;14.693,5
14.06.2019;18:45;14.674,5
14.06.2019;19:00;14.533,25
14.06.2019;19:15;14.498,25
14.06.2019;19:30;14.400
14.06.2019;19:45;14.225,5
14.06.2019;20:00;14.102,25
14.06.2019;20:15;13.886,5
14.06.2019;20:30;13.703,75
14.06.2019;20:45;13.516
14.06.2019;21:00;13.313,25
14.06.2019;21:15;13.177,75
14.06.2019;21:30;13.254,25
14.06.2019;21:45;13.148
14.06.2019;22:00;13.016
14.06.2019;22:15;12.961,25
14.06.2019;22:30;12.773,25
14.06.2019;22:45;12.526,5
14.06.2019;23:00;12.262
14.06.2019;23:15;12.113,75
14.06.2019;23:30;11.870,25
14.06.2019;23:45;11.718
15.06.2019;00:00;11.452,25
15.06.2019;00:15;11.398
15.06.2019;00:30;11.262,5
15.06.2019;00:45;11.149
15.06.2019;01:00;10.974
15.06.2019;01:15;10.855,5
15.06.2019;01:30;10.720,25
15.06.2019;01:45;10.628,25
15.06.2019;02:00;10.478,75
15.06.2019;02:15;10.434,25
15.06.2019;02:30;10.452,5
15.06.2019;02:45;10.445,25
15.06.2019;03:00;10.431
15.06.2019;03:15;10.405,25
15.06.2019;03:30;10.343,25
15.06.2019;03:45;10.332
15.06.2019;04:00;10.344,75
15.06.2019;04:15;10.284,25
15.06.2019;04:30;10.218,5
15.06.2019;04:45;10.141
15.06.2019;05:00;10.070
15.06.2019;05:15;9.975,5
15.06.2019;05:30;9.885,75
15.06.2019;05:45;9.995,5
15.06.2019;06:00;10.314,5
15.06.2019;06:15;10.491,5
15.06.2019;06:30;10.748
15.06.2019;06:45;11.061
15.06.2019;07:00;11.499,5
15.06.2019;07:15;11.676
15.06.2019;07:30;11.888
15.06.2019;07:45;12.096
15.06.2019;08:00;12.222,25
15.06.2019;08:15;12.350,75
15.06.2019;08:30;12.588
15.06.2019;08:45;12.899,5
15.06.2019;09:00;13.092,5
15.06.2019;09:15;13.402,75
15.06.2019;09:30;13.561
15.06.2019;09:45;13.742,5
15.06.2019;10:00;13.824,25
15.06.2019;10:15;13.968,25
15.06.2019;10:30;14.221,25
15.06.2019;10:45;14.336
15.06.2019;11:00;14.299
15.06.2019;11:15;14.367,5
15.06.2019;11:30;14.418,25
15.06.2019;11:45;14.394
15.06.2019;12:00;14.215,25
15.06.2019;12:15;14.001,5
15.06.2019;12:30;13.914,25
15.06.2019;12:45;13.754,5
15.06.2019;13:00;13.671,75
15.06.2019;13:15;13.625
15.06.2019;13:30;13.464,75
15.06.2019;13:45;13.327,25
15.06.2019;14:00;13.104
15.06.2019;14:15;12.890
15.06.2019;14:30;12.808,5
15.06.2019;14:45;12.877
15.06.2019;15:00;12.851,25
15.06.2019;15:15;12.620,25
15.06.2019;15:30;12.691,5
15.06.2019;15:45;12.749,5
15.06.2019;16:00;12.727
15.06.2019;16:15;12.735,5
15.06.2019;16:30;12.639
15.06.2019;16:45;12.710,5
15.06.2019;17:00;12.932,5
15.06.2019;17:15;12.763
15.06.2019;17:30;12.644,75
15.06.2019;17:45;12.580,25
15.06.2019;18:00;12.719,5
15.06.2019;18:15;12.759,25
15.06.2019;18:30;12.647,5
15.06.2019;18:45;12.567,5
15.06.2019;19:00;12.586,5
15.06.2019;19:15;12.542
15.06.2019;19:30;12.514,5
15.06.2019;19:45;12.419
15.06.2019;20:00;12.246
15.06.2019;20:15;11.883
15.06.2019;20:30;11.802,5
15.06.2019;20:45;11.741
15.06.2019;21:00;11.590
15.06.2019;21:15;11.413,25
15.06.2019;21:30;11.313
15.06.2019;21:45;11.349
15.06.2019;22:00;11.414
15.06.2019;22:15;11.300,5
15.06.2019;22:30;11.128,5
15.06.2019;22:45;11.074,25
15.06.2019;23:00;10.859,75
15.06.2019;23:15;10.710,75
15.06.2019;23:30;10.595,25
15.06.2019;23:45;10.447,5
16.06.2019;00:00;10.154,5
16.06.2019;00:15;10.071,75
16.06.2019;00:30;9.944
16.06.2019;00:45;9.853
16.06.2019;01:00;9.638,5
16.06.2019;01:15;9.543,5
16.06.2019;01:30;9.453
16.06.2019;01:45;9.383,5
16.06.2019;02:00;9.297,5
16.06.2019;02:15;9.228,75
16.06.2019;02:30;9.127
16.06.2019;02:45;9.078,75
16.06.2019;03:00;9.123
16.06.2019;03:15;9.054
16.06.2019;03:30;8.926,25
16.06.2019;03:45;8.958,5
16.06.2019;04:00;9.013,25
16.06.2019;04:15;9.046
16.06.2019;04:30;9.060,25
16.06.2019;04:45;9.065,25
16.06.2019;05:00;9.054,75
16.06.2019;05:15;9.040
16.06.2019;05:30;8.984,5
16.06.2019;05:45;9.008,25
16.06.2019;06:00;9.062
16.06.2019;06:15;9.121,75
16.06.2019;06:30;9.183,25
16.06.2019;06:45;9.339
16.06.2019;07:00;9.527,5
16.06.2019;07:15;9.601,75
16.06.2019;07:30;9.784,5
16.06.2019;07:45;10.003,75
16.06.2019;08:00;10.272,25
16.06.2019;08:15;10.468,25
16.06.2019;08:30;10.665,75
16.06.2019;08:45;10.752,25
16.06.2019;09:00;10.921
16.06.2019;09:15;11.078,75
16.06.2019;09:30;11.186,75
16.06.2019;09:45;11.332,75
16.06.2019;10:00;11.396
16.06.2019;10:15;11.468
16.06.2019;10:30;11.623,75
16.06.2019;10:45;11.800,75
16.06.2019;11:00;11.985,25
16.06.2019;11:15;12.198,25
16.06.2019;11:30;12.315
16.06.2019;11:45;12.312
16.06.2019;12:00;12.265
16.06.2019;12:15;12.218,75
16.06.2019;12:30;12.120,75
16.06.2019;12:45;11.969,75
16.06.2019;13:00;11.848
16.06.2019;13:15;11.762
16.06.2019;13:30;11.755,5
16.06.2019;13:45;11.651,5
16.06.2019;14:00;11.654
16.06.2019;14:15;11.503,25
16.06.2019;14:30;11.409,5
16.06.2019;14:45;11.308,25
16.06.2019;15:00;11.495,5
16.06.2019;15:15;11.405,5
16.06.2019;15:30;11.380,25
16.06.2019;15:45;11.271,5
16.06.2019;16:00;11.243,75
16.06.2019;16:15;11.163,75
16.06.2019;16:30;11.131,5
16.06.2019;16:45;11.201,25
16.06.2019;17:00;11.398,75
16.06.2019;17:15;11.335,25
16.06.2019;17:30;11.378,25
16.06.2019;17:45;11.526
16.06.2019;18:00;11.626
16.06.2019;18:15;11.607,25
16.06.2019;18:30;11.584
16.06.2019;18:45;11.663,75
16.06.2019;19:00;11.763,75
16.06.2019;19:15;11.596
16.06.2019;19:30;11.564,25
16.06.2019;19:45;11.523,5
16.06.2019;20:00;11.541,5
16.06.2019;20:15;11.454,5
16.06.2019;20:30;11.375,5
16.06.2019;20:45;11.296
16.06.2019;21:00;11.196,75
16.06.2019;21:15;11.145
16.06.2019;21:30;11.128,75
16.06.2019;21:45;11.249
16.06.2019;22:00;11.431,75
16.06.2019;22:15;11.441,25
16.06.2019;22:30;11.347,25
16.06.2019;22:45;11.197,5
16.06.2019;23:00;10.938
16.06.2019;23:15;10.806,5
16.06.2019;23:30;10.608,25
16.06.2019;23:45;10.493,75
17.06.2019;00:00;10.373,25
17.06.2019;00:15;10.218
17.06.2019;00:30;10.163,25
17.06.2019;00:45;10.022
17.06.2019;01:00;9.985,25
17.06.2019;01:15;9.933,75
17.06.2019;01:30;9.875,5
17.06.2019;01:45;9.793,25
17.06.2019;02:00;9.720
17.06.2019;02:15;9.662,25
17.06.2019;02:30;9.653,25
17.06.2019;02:45;9.679,5
17.06.2019;03:00;9.727
17.06.2019;03:15;9.781,75
17.06.2019;03:30;9.732,25
17.06.2019;03:45;9.823,75
17.06.2019;04:00;10.053
17.06.2019;04:15;10.198
17.06.2019;04:30;10.237
17.06.2019;04:45;10.357,5
17.06.2019;05:00;10.674,5
17.06.2019;05:15;10.825
17.06.2019;05:30;11.130,5
17.06.2019;05:45;11.495,25
17.06.2019;06:00;12.159,75
17.06.2019;06:15;12.784,75
17.06.2019;06:30;13.240,25
17.06.2019;06:45;13.683,5
17.06.2019;07:00;14.147,5
17.06.2019;07:15;14.469
17.06.2019;07:30;14.713,75
17.06.2019;07:45;14.884
17.06.2019;08:00;15.212,5
17.06.2019;08:15;15.345,5
17.06.2019;08:30;15.512,75
17.06.2019;08:45;15.637,75
17.06.2019;09:00;15.606,75
17.06.2019;09:15;15.711,5
17.06.2019;09:30;15.865,25
17.06.2019;09:45;15.987,5
17.06.2019;10:00;16.094,75
17.06.2019;10:15;16.136,5
17.06.2019;10:30;16.219,5
17.06.2019;10:45;16.368,5
17.06.2019;11:00;16.471,25
17.06.2019;11:15;16.523,25
17.06.2019;11:30;16.682,25
17.06.2019;11:45;16.687
17.06.2019;12:00;16.620
17.06.2019;12:15;16.535,25
17.06.2019;12:30;16.564
17.06.2019;12:45;16.530,75
17.06.2019;13:00;16.506,75
17.06.2019;13:15;16.546,5
17.06.2019;13:30;16.406
17.06.2019;13:45;16.274,75
17.06.2019;14:00;16.150,75
17.06.2019;14:15;16.110,5
17.06.2019;14:30;16.024,5
17.06.2019;14:45;15.945,5
17.06.2019;15:00;15.990,5
17.06.2019;15:15;15.916,5
17.06.2019;15:30;15.753
17.06.2019;15:45;15.672,75
17.06.2019;16:00;15.605,5
17.06.2019;16:15;15.517,75
17.06.2019;16:30;15.457
17.06.2019;16:45;15.413,25
17.06.2019;17:00;15.349,25
17.06.2019;17:15;15.145,5
17.06.2019;17:30;15.152,5
17.06.2019;17:45;15.130
17.06.2019;18:00;14.971,5
17.06.2019;18:15;14.863,5
17.06.2019;18:30;14.883,5
17.06.2019;18:45;14.929,5
17.06.2019;19:00;14.890,75
17.06.2019;19:15;14.699,25
17.06.2019;19:30;14.690,5
17.06.2019;19:45;14.665
17.06.2019;20:00;14.504,75
17.06.2019;20:15;14.263,25
17.06.2019;20:30;14.077,5
17.06.2019;20:45;13.919,75
17.06.2019;21:00;13.762,5
17.06.2019;21:15;13.582,25
17.06.2019;21:30;13.475,25
17.06.2019;21:45;13.431,5
17.06.2019;22:00;13.387,5
17.06.2019;22:15;13.333,25
17.06.2019;22:30;13.123
17.06.2019;22:45;12.946,5
17.06.2019;23:00;12.735,25
17.06.2019;23:15;12.531,75
17.06.2019;23:30;12.339
17.06.2019;23:45;12.139,5
18.06.2019;00:00;11.757,5
18.06.2019;00:15;11.685,25
18.06.2019;00:30;11.549,5
18.06.2019;00:45;11.390
18.06.2019;01:00;11.227,25
18.06.2019;01:15;11.220,5
18.06.2019;01:30;11.154,75
18.06.2019;01:45;11.161
18.06.2019;02:00;10.992,75
18.06.2019;02:15;10.990
18.06.2019;02:30;10.988,5
18.06.2019;02:45;11.012,5
18.06.2019;03:00;11.030,75
18.06.2019;03:15;11.035,25
18.06.2019;03:30;11.055,75
18.06.2019;03:45;11.059,5
18.06.2019;04:00;11.131
18.06.2019;04:15;11.202,75
18.06.2019;04:30;11.226,5
18.06.2019;04:45;11.203
18.06.2019;05:00;11.400
18.06.2019;05:15;11.591,75
18.06.2019;05:30;11.864,25
18.06.2019;05:45;12.217,75
18.06.2019;06:00;12.930,25
18.06.2019;06:15;13.473
18.06.2019;06:30;13.908,75
18.06.2019;06:45;14.259
18.06.2019;07:00;14.634,5
18.06.2019;07:15;14.986
18.06.2019;07:30;15.223,25
18.06.2019;07:45;15.441,5
18.06.2019;08:00;15.573,75
18.06.2019;08:15;15.788,25
18.06.2019;08:30;15.916
18.06.2019;08:45;16.013
18.06.2019;09:00;15.970,75
18.06.2019;09:15;16.103,25
18.06.2019;09:30;16.296,75
18.06.2019;09:45;16.416,75
18.06.2019;10:00;16.527,5
18.06.2019;10:15;16.607
18.06.2019;10:30;16.715
18.06.2019;10:45;16.812,75
18.06.2019;11:00;16.960,25
18.06.2019;11:15;17.098
18.06.2019;11:30;17.220
18.06.2019;11:45;17.317
18.06.2019;12:00;17.056,5
18.06.2019;12:15;16.931,75
18.06.2019;12:30;16.888,25
18.06.2019;12:45;16.928,75
18.06.2019;13:00;16.941,25
18.06.2019;13:15;16.831,5
18.06.2019;13:30;16.794,75
18.06.2019;13:45;16.705,75
18.06.2019;14:00;16.644,75
18.06.2019;14:15;16.725,5
18.06.2019;14:30;16.554,75
18.06.2019;14:45;16.582,25
18.06.2019;15:00;16.562,75
18.06.2019;15:15;16.446,5
18.06.2019;15:30;16.274,25
18.06.2019;15:45;16.125,75
18.06.2019;16:00;16.169,5
18.06.2019;16:15;16.008,25
18.06.2019;16:30;15.952
18.06.2019;16:45;15.892,5
18.06.2019;17:00;15.842,75
18.06.2019;17:15;15.630,5
18.06.2019;17:30;15.669,5
18.06.2019;17:45;15.606
18.06.2019;18:00;15.509
18.06.2019;18:15;15.357,75
18.06.2019;18:30;15.306,5
18.06.2019;18:45;15.272,5
18.06.2019;19:00;15.183,25
18.06.2019;19:15;14.958,5
18.06.2019;19:30;14.897
18.06.2019;19:45;14.915
18.06.2019;20:00;14.720,5
18.06.2019;20:15;14.387,75
18.06.2019;20:30;14.222,75
18.06.2019;20:45;14.061,75
18.06.2019;21:00;13.959,75
18.06.2019;21:15;13.894,25
18.06.2019;21:30;13.750,25
18.06.2019;21:45;13.605,75
18.06.2019;22:00;13.637,25
18.06.2019;22:15;13.503,5
18.06.2019;22:30;13.218
18.06.2019;22:45;13.057,75
18.06.2019;23:00;12.905,75
18.06.2019;23:15;12.710,25
18.06.2019;23:30;12.454
18.06.2019;23:45;12.303,5
19.06.2019;00:00;12.053,25
19.06.2019;00:15;11.925,25
19.06.2019;00:30;11.824,75
19.06.2019;00:45;11.706
19.06.2019;01:00;11.573
19.06.2019;01:15;11.504,75
19.06.2019;01:30;11.444,75
19.06.2019;01:45;11.349,75
19.06.2019;02:00;11.252,5
19.06.2019;02:15;11.201,25
19.06.2019;02:30;11.158
19.06.2019;02:45;11.144,75
19.06.2019;03:00;11.170,5
19.06.2019;03:15;11.252,25
19.06.2019;03:30;11.237,5
19.06.2019;03:45;11.160,25
19.06.2019;04:00;11.209,25
19.06.2019;04:15;11.293
19.06.2019;04:30;11.315
19.06.2019;04:45;11.392,75
19.06.2019;05:00;11.568,75
19.06.2019;05:15;11.710,25
19.06.2019;05:30;11.937,5
19.06.2019;05:45;12.245
19.06.2019;06:00;12.862
19.06.2019;06:15;13.406,5
19.06.2019;06:30;13.893,25
19.06.2019;06:45;14.176,75
19.06.2019;07:00;14.393,75
19.06.2019;07:15;14.598,5
19.06.2019;07:30;14.871,75
19.06.2019;07:45;15.047,5
19.06.2019;08:00;15.260,5
19.06.2019;08:15;15.425,5
19.06.2019;08:30;15.518
19.06.2019;08:45;15.627
19.06.2019;09:00;15.625,25
19.06.2019;09:15;15.749,5
19.06.2019;09:30;15.959,5
19.06.2019;09:45;16.081
19.06.2019;10:00;16.206,75
19.06.2019;10:15;16.306,5
19.06.2019;10:30;16.441
19.06.2019;10:45;16.598,5
19.06.2019;11:00;16.724
19.06.2019;11:15;16.872,75
19.06.2019;11:30;16.941,75
19.06.2019;11:45;17.028,25
19.06.2019;12:00;17.039,75
19.06.2019;12:15;17.066
19.06.2019;12:30;17.032,75
19.06.2019;12:45;17.139,25
19.06.2019;13:00;17.193
19.06.2019;13:15;17.121,5
19.06.2019;13:30;16.993,25
19.06.2019;13:45;16.878,5
19.06.2019;14:00;16.909,75
19.06.2019;14:15;16.850,5
19.06.2019;14:30;16.782,25
19.06.2019;14:45;16.732,75
19.06.2019;15:00;16.666,75
19.06.2019;15:15;16.664
19.06.2019;15:30;16.411,25
19.06.2019;15:45;16.210,25
19.06.2019;16:00;16.163,5
19.06.2019;16:15;15.952
19.06.2019;16:30;15.859,5
19.06.2019;16:45;15.765,5
19.06.2019;17:00;15.742,25
19.06.2019;17:15;15.670,25
19.06.2019;17:30;15.635,5
19.06.2019;17:45;15.511,5
19.06.2019;18:00;15.459,75
19.06.2019;18:15;15.408
19.06.2019;18:30;15.392,25
19.06.2019;18:45;15.314,5
19.06.2019;19:00;15.179,75
19.06.2019;19:15;14.971,5
19.06.2019;19:30;14.925
19.06.2019;19:45;14.827,25
19.06.2019;20:00;14.607,75
19.06.2019;20:15;14.366,5
19.06.2019;20:30;14.159,5
19.06.2019;20:45;13.962,75
19.06.2019;21:00;13.767,25
19.06.2019;21:15;13.673,5
19.06.2019;21:30;13.478,5
19.06.2019;21:45;13.372,25
19.06.2019;22:00;13.166,25
19.06.2019;22:15;13.019,25
19.06.2019;22:30;12.879,25
19.06.2019;22:45;12.806,25
19.06.2019;23:00;12.440,5
19.06.2019;23:15;12.186,75
19.06.2019;23:30;11.977,5
19.06.2019;23:45;11.721,75
20.06.2019;00:00;11.447,5
20.06.2019;00:15;11.396,75
20.06.2019;00:30;11.237,5
20.06.2019;00:45;11.010,5
20.06.2019;01:00;10.800,75
20.06.2019;01:15;10.788,75
20.06.2019;01:30;10.723,75
20.06.2019;01:45;10.696,25
20.06.2019;02:00;10.670,5
20.06.2019;02:15;10.571
20.06.2019;02:30;10.604
20.06.2019;02:45;10.755,5
20.06.2019;03:00;10.751
20.06.2019;03:15;10.617
20.06.2019;03:30;10.515,5
20.06.2019;03:45;10.541
20.06.2019;04:00;10.657,25
20.06.2019;04:15;10.751,25
20.06.2019;04:30;10.686,5
20.06.2019;04:45;10.584,25
20.06.2019;05:00;10.568,5
20.06.2019;05:15;10.452
20.06.2019;05:30;10.306,25
20.06.2019;05:45;10.370,25
20.06.2019;06:00;10.547,5
20.06.2019;06:15;10.734,5
20.06.2019;06:30;10.893
20.06.2019;06:45;11.223
20.06.2019;07:00;11.561,5
20.06.2019;07:15;11.820,25
20.06.2019;07:30;11.901
20.06.2019;07:45;12.032,25
20.06.2019;08:00;12.121,5
20.06.2019;08:15;12.223,75
20.06.2019;08:30;12.388,75
20.06.2019;08:45;12.517,5
20.06.2019;09:00;12.651,25
20.06.2019;09:15;12.673,25
20.06.2019;09:30;12.801,75
20.06.2019;09:45;12.946
20.06.2019;10:00;13.024,25
20.06.2019;10:15;13.117,75
20.06.2019;10:30;13.272,25
20.06.2019;10:45;13.393
20.06.2019;11:00;13.562,75
20.06.2019;11:15;13.683,5
20.06.2019;11:30;13.833
20.06.2019;11:45;13.884,5
20.06.2019;12:00;13.926
20.06.2019;12:15;13.821,5
20.06.2019;12:30;13.722,75
20.06.2019;12:45;13.729,75
20.06.2019;13:00;13.627,25
20.06.2019;13:15;13.479
20.06.2019;13:30;13.458,5
20.06.2019;13:45;13.489,75
20.06.2019;14:00;13.451,75
20.06.2019;14:15;13.358,75
20.06.2019;14:30;13.367
20.06.2019;14:45;13.209,75
20.06.2019;15:00;13.223
20.06.2019;15:15;13.078,5
20.06.2019;15:30;13.029,75
20.06.2019;15:45;12.805,25
20.06.2019;16:00;12.742
20.06.2019;16:15;12.656,25
20.06.2019;16:30;12.472
20.06.2019;16:45;12.366,75
20.06.2019;17:00;12.541,5
20.06.2019;17:15;12.484,5
20.06.2019;17:30;12.566,75
20.06.2019;17:45;12.669,75
20.06.2019;18:00;12.896
20.06.2019;18:15;12.861,25
20.06.2019;18:30;12.819,5
20.06.2019;18:45;12.786,75
20.06.2019;19:00;12.653,25
20.06.2019;19:15;12.487,5
20.06.2019;19:30;12.436,25
20.06.2019;19:45;12.360,5
20.06.2019;20:00;12.240,25
20.06.2019;20:15;12.184,5
20.06.2019;20:30;12.010
20.06.2019;20:45;11.905,25
20.06.2019;21:00;11.794,25
20.06.2019;21:15;11.793,5
20.06.2019;21:30;11.731,5
20.06.2019;21:45;11.791,75
20.06.2019;22:00;11.798,75
20.06.2019;22:15;11.751
20.06.2019;22:30;11.646
20.06.2019;22:45;11.397,5
20.06.2019;23:00;11.260,5
20.06.2019;23:15;10.996,5
20.06.2019;23:30;10.791,25
20.06.2019;23:45;10.652,75
21.06.2019;00:00;10.584,5
21.06.2019;00:15;10.485,75
21.06.2019;00:30;10.389
21.06.2019;00:45;10.259,25
21.06.2019;01:00;10.096
21.06.2019;01:15;10.025,5
21.06.2019;01:30;9.966,5
21.06.2019;01:45;9.891,75
21.06.2019;02:00;9.911,25
21.06.2019;02:15;9.902,5
21.06.2019;02:30;9.818,25
21.06.2019;02:45;9.840,5
21.06.2019;03:00;9.811,75
21.06.2019;03:15;9.812,75
21.06.2019;03:30;9.845,5
21.06.2019;03:45;9.798,5
21.06.2019;04:00;9.980,75
21.06.2019;04:15;10.044,5
21.06.2019;04:30;10.127,5
21.06.2019;04:45;10.160,75
21.06.2019;05:00;10.289,5
21.06.2019;05:15;10.400,75
21.06.2019;05:30;10.564,75
21.06.2019;05:45;10.838,5
21.06.2019;06:00;11.373,75
21.06.2019;06:15;11.797,5
21.06.2019;06:30;12.146,25
21.06.2019;06:45;12.418
21.06.2019;07:00;12.686,25
21.06.2019;07:15;12.897
21.06.2019;07:30;13.157,75
21.06.2019;07:45;13.315,5
21.06.2019;08:00;13.544,25
21.06.2019;08:15;13.717,25
21.06.2019;08:30;13.844,5
21.06.2019;08:45;13.978,25
21.06.2019;09:00;14.061,25
21.06.2019;09:15;14.129,5
21.06.2019;09:30;14.228,25
21.06.2019;09:45;14.388
21.06.2019;10:00;14.481
21.06.2019;10:15;14.546
21.06.2019;10:30;14.644,5
21.06.2019;10:45;14.783,75
21.06.2019;11:00;14.958
21.06.2019;11:15;15.095,75
21.06.2019;11:30;15.168
21.06.2019;11:45;15.296,75
21.06.2019;12:00;15.285,75
21.06.2019;12:15;15.160,75
21.06.2019;12:30;15.110
21.06.2019;12:45;15.168,5
21.06.2019;13:00;15.184,75
21.06.2019;13:15;15.071,75
21.06.2019;13:30;15.022
21.06.2019;13:45;14.847,75
21.06.2019;14:00;14.678
21.06.2019;14:15;14.621,75
21.06.2019;14:30;14.604,75
21.06.2019;14:45;14.517
21.06.2019;15:00;14.578
21.06.2019;15:15;14.451,25
21.06.2019;15:30;14.359,25
21.06.2019;15:45;14.202,75
21.06.2019;16:00;14.199,75
21.06.2019;16:15;14.110,5
21.06.2019;16:30;13.940,5
21.06.2019;16:45;13.902,5
21.06.2019;17:00;13.949,5
21.06.2019;17:15;13.833,5
21.06.2019;17:30;13.744
21.06.2019;17:45;13.769,75
21.06.2019;18:00;13.760
21.06.2019;18:15;13.682,25
21.06.2019;18:30;13.624,5
21.06.2019;18:45;13.555,75
21.06.2019;19:00;13.525,5
21.06.2019;19:15;13.297
21.06.2019;19:30;13.298
21.06.2019;19:45;13.235
21.06.2019;20:00;13.048,25
21.06.2019;20:15;12.847,5
21.06.2019;20:30;12.649
21.06.2019;20:45;12.441,5
21.06.2019;21:00;12.225,25
21.06.2019;21:15;12.054,25
21.06.2019;21:30;11.993,75
21.06.2019;21:45;11.993,75
21.06.2019;22:00;12.024,5
21.06.2019;22:15;12.033
21.06.2019;22:30;11.878
21.06.2019;22:45;11.721,75
21.06.2019;23:00;11.429,75
21.06.2019;23:15;11.287,5
21.06.2019;23:30;11.148,75
21.06.2019;23:45;10.913
22.06.2019;00:00;10.680,25
22.06.2019;00:15;10.598,5
22.06.2019;00:30;10.498,75
22.06.2019;00:45;10.370,25
22.06.2019;01:00;10.234,5
22.06.2019;01:15;10.125,5
22.06.2019;01:30;9.974
22.06.2019;01:45;9.848,5
22.06.2019;02:00;9.797,5
22.06.2019;02:15;9.774,75
22.06.2019;02:30;9.745,75
22.06.2019;02:45;9.651,75
22.06.2019;03:00;9.629
22.06.2019;03:15;9.578
22.06.2019;03:30;9.605,5
22.06.2019;03:45;9.554,25
22.06.2019;04:00;9.624
22.06.2019;04:15;9.563
22.06.2019;04:30;9.621,75
22.06.2019;04:45;9.601
22.06.2019;05:00;9.618,5
22.06.2019;05:15;9.570,25
22.06.2019;05:30;9.604
22.06.2019;05:45;9.650,25
22.06.2019;06:00;9.899
22.06.2019;06:15;10.049
22.06.2019;06:30;10.340,75
22.06.2019;06:45;10.494,75
22.06.2019;07:00;10.715
22.06.2019;07:15;10.957
22.06.2019;07:30;11.162,75
22.06.2019;07:45;11.417
22.06.2019;08:00;11.586
22.06.2019;08:15;11.828,5
22.06.2019;08:30;12.027,5
22.06.2019;08:45;12.233
22.06.2019;09:00;12.407,75
22.06.2019;09:15;12.516,75
22.06.2019;09:30;12.667
22.06.2019;09:45;12.793,25
22.06.2019;10:00;12.903,5
22.06.2019;10:15;12.999
22.06.2019;10:30;13.066
22.06.2019;10:45;13.239,25
22.06.2019;11:00;13.357,5
22.06.2019;11:15;13.405,5
22.06.2019;11:30;13.492,25
22.06.2019;11:45;13.545,25
22.06.2019;12:00;13.590,5
22.06.2019;12:15;13.482,5
22.06.2019;12:30;13.456,75
22.06.2019;12:45;13.346,75
22.06.2019;13:00;13.142,75
22.06.2019;13:15;13.032,5
22.06.2019;13:30;12.942,5
22.06.2019;13:45;12.798
22.06.2019;14:00;12.713,25
22.06.2019;14:15;12.765,75
22.06.2019;14:30;12.826,5
22.06.2019;14:45;12.753,75
22.06.2019;15:00;12.790,25
22.06.2019;15:15;12.684,75
22.06.2019;15:30;12.688
22.06.2019;15:45;12.628,25
22.06.2019;16:00;12.661,5
22.06.2019;16:15;12.607
22.06.2019;16:30;12.469,5
22.06.2019;16:45;12.535
22.06.2019;17:00;12.509,5
22.06.2019;17:15;12.415,25
22.06.2019;17:30;12.418,75
22.06.2019;17:45;12.401,25
22.06.2019;18:00;12.349,25
22.06.2019;18:15;12.351
22.06.2019;18:30;12.288,25
22.06.2019;18:45;12.258,25
22.06.2019;19:00;12.212,75
22.06.2019;19:15;12.087,25
22.06.2019;19:30;12.050,5
22.06.2019;19:45;11.970
22.06.2019;20:00;11.872
22.06.2019;20:15;11.715,75
22.06.2019;20:30;11.542,75
22.06.2019;20:45;11.456
22.06.2019;21:00;11.365,5
22.06.2019;21:15;11.286,25
22.06.2019;21:30;11.162,25
22.06.2019;21:45;11.201,5
22.06.2019;22:00;11.170,25
22.06.2019;22:15;11.160,75
22.06.2019;22:30;11.132
22.06.2019;22:45;11.017,75
22.06.2019;23:00;10.775,75
22.06.2019;23:15;10.670,5
22.06.2019;23:30;10.513
22.06.2019;23:45;10.265,5
23.06.2019;00:00;10.011,5
23.06.2019;00:15;9.864,5
23.06.2019;00:30;9.713,5
23.06.2019;00:45;9.588,25
23.06.2019;01:00;9.426,75
23.06.2019;01:15;9.369,5
23.06.2019;01:30;9.289,75
23.06.2019;01:45;9.215,5
23.06.2019;02:00;9.127,75
23.06.2019;02:15;9.123,75
23.06.2019;02:30;9.098
23.06.2019;02:45;9.054,75
23.06.2019;03:00;9.067,25
23.06.2019;03:15;9.013,75
23.06.2019;03:30;8.978,25
23.06.2019;03:45;8.971
23.06.2019;04:00;8.868,5
23.06.2019;04:15;8.758,25
23.06.2019;04:30;8.769,75
23.06.2019;04:45;8.725,5
23.06.2019;05:00;8.620,25
23.06.2019;05:15;8.543,5
23.06.2019;05:30;8.496,75
23.06.2019;05:45;8.517,25
23.06.2019;06:00;8.601,5
23.06.2019;06:15;8.710,75
23.06.2019;06:30;8.825,75
23.06.2019;06:45;9.052
23.06.2019;07:00;9.257,25
23.06.2019;07:15;9.382
23.06.2019;07:30;9.580,75
23.06.2019;07:45;9.739,75
23.06.2019;08:00;10.014,75
23.06.2019;08:15;10.262,75
23.06.2019;08:30;10.427,75
23.06.2019;08:45;10.539,75
23.06.2019;09:00;10.723,5
23.06.2019;09:15;10.930
23.06.2019;09:30;11.073,5
23.06.2019;09:45;11.183,25
23.06.2019;10:00;11.329
23.06.2019;10:15;11.427,75
23.06.2019;10:30;11.542,25
23.06.2019;10:45;11.618,5
23.06.2019;11:00;11.751,25
23.06.2019;11:15;11.937,75
23.06.2019;11:30;12.095,25
23.06.2019;11:45;12.174
23.06.2019;12:00;12.274,5
23.06.2019;12:15;12.150,25
23.06.2019;12:30;12.180
23.06.2019;12:45;12.168,25
23.06.2019;13:00;11.999,5
23.06.2019;13:15;11.892
23.06.2019;13:30;11.855
23.06.2019;13:45;11.732,75
23.06.2019;14:00;11.593,75
23.06.2019;14:15;11.572
23.06.2019;14:30;11.495,25
23.06.2019;14:45;11.429
23.06.2019;15:00;11.418,5
23.06.2019;15:15;11.365,25
23.06.2019;15:30;11.317,5
23.06.2019;15:45;11.187,25
23.06.2019;16:00;11.424,25
23.06.2019;16:15;11.401,5
23.06.2019;16:30;11.309,25
23.06.2019;16:45;11.283
23.06.2019;17:00;11.460,25
23.06.2019;17:15;11.398,75
23.06.2019;17:30;11.314,25
23.06.2019;17:45;11.346,75
23.06.2019;18:00;11.661,5
23.06.2019;18:15;11.657,75
23.06.2019;18:30;11.661,5
23.06.2019;18:45;11.704,5
23.06.2019;19:00;11.809,5
23.06.2019;19:15;11.734,25
23.06.2019;19:30;11.672,25
23.06.2019;19:45;11.728
23.06.2019;20:00;11.790,5
23.06.2019;20:15;11.744,75
23.06.2019;20:30;11.585
23.06.2019;20:45;11.457
23.06.2019;21:00;11.418
23.06.2019;21:15;11.333,25
23.06.2019;21:30;11.312,25
23.06.2019;21:45;11.480,75
23.06.2019;22:00;11.621,25
23.06.2019;22:15;11.712,5
23.06.2019;22:30;11.620,25
23.06.2019;22:45;11.519,5
23.06.2019;23:00;11.282
23.06.2019;23:15;11.067,5
23.06.2019;23:30;10.815,5
23.06.2019;23:45;10.727,25
24.06.2019;00:00;10.617
24.06.2019;00:15;10.441
24.06.2019;00:30;10.347
24.06.2019;00:45;10.364
24.06.2019;01:00;10.211
24.06.2019;01:15;10.146
24.06.2019;01:30;10.045
24.06.2019;01:45;9.994
24.06.2019;02:00;9.947
24.06.2019;02:15;9.877
24.06.2019;02:30;9.832
24.06.2019;02:45;9.855
24.06.2019;03:00;9.898
24.06.2019;03:15;9.901
24.06.2019;03:30;9.951
24.06.2019;03:45;9.971
24.06.2019;04:00;10.192
24.06.2019;04:15;10.329
24.06.2019;04:30;10.393
24.06.2019;04:45;10.453
24.06.2019;05:00;10.614
24.06.2019;05:15;10.796
24.06.2019;05:30;11.058
24.06.2019;05:45;11.457
24.06.2019;06:00;12.302
24.06.2019;06:15;12.974
24.06.2019;06:30;13.472
24.06.2019;06:45;13.932
24.06.2019;07:00;14.405
24.06.2019;07:15;14.716
24.06.2019;07:30;14.978
24.06.2019;07:45;15.175
24.06.2019;08:00;15.352
24.06.2019;08:15;15.576
24.06.2019;08:30;15.625
24.06.2019;08:45;15.722
24.06.2019;09:00;15.647
24.06.2019;09:15;15.737
24.06.2019;09:30;15.890
24.06.2019;09:45;16.023
24.06.2019;10:00;16.152
24.06.2019;10:15;16.284
24.06.2019;10:30;16.417
24.06.2019;10:45;16.517
24.06.2019;11:00;16.680
24.06.2019;11:15;16.765
24.06.2019;11:30;16.827
24.06.2019;11:45;16.886
24.06.2019;12:00;16.839
24.06.2019;12:15;16.855
24.06.2019;12:30;16.944
24.06.2019;12:45;16.936
24.06.2019;13:00;16.924
24.06.2019;13:15;16.866
24.06.2019;13:30;16.826
24.06.2019;13:45;16.630
24.06.2019;14:00;16.615
24.06.2019;14:15;16.632
24.06.2019;14:30;16.536
24.06.2019;14:45;16.495
24.06.2019;15:00;16.488
24.06.2019;15:15;16.473
24.06.2019;15:30;16.373
24.06.2019;15:45;16.278
24.06.2019;16:00;16.311
24.06.2019;16:15;16.151
24.06.2019;16:30;16.123
24.06.2019;16:45;15.993
24.06.2019;17:00;16.032
24.06.2019;17:15;15.865
24.06.2019;17:30;15.866
24.06.2019;17:45;15.795
24.06.2019;18:00;15.721
24.06.2019;18:15;15.581
24.06.2019;18:30;15.573
24.06.2019;18:45;15.547
24.06.2019;19:00;15.472
24.06.2019;19:15;15.316
24.06.2019;19:30;15.240
24.06.2019;19:45;15.143
24.06.2019;20:00;15.071
24.06.2019;20:15;14.941
24.06.2019;20:30;14.708
24.06.2019;20:45;14.545
24.06.2019;21:00;14.409
24.06.2019;21:15;14.275
24.06.2019;21:30;14.095
24.06.2019;21:45;14.039
24.06.2019;22:00;14.073
24.06.2019;22:15;13.896
24.06.2019;22:30;13.764
24.06.2019;22:45;13.450
24.06.2019;23:00;13.208
24.06.2019;23:15;12.966
24.06.2019;23:30;12.676
24.06.2019;23:45;12.455
25.06.2019;00:00;12.244
25.06.2019;00:15;12.165
25.06.2019;00:30;12.023
25.06.2019;00:45;11.914
25.06.2019;01:00;11.792
25.06.2019;01:15;11.687
25.06.2019;01:30;11.582
25.06.2019;01:45;11.600
25.06.2019;02:00;11.507
25.06.2019;02:15;11.454
25.06.2019;02:30;11.402
25.06.2019;02:45;11.448
25.06.2019;03:00;11.406
25.06.2019;03:15;11.358
25.06.2019;03:30;11.265
25.06.2019;03:45;11.282
25.06.2019;04:00;11.454
25.06.2019;04:15;11.476
25.06.2019;04:30;11.522
25.06.2019;04:45;11.579
25.06.2019;05:00;11.934
25.06.2019;05:15;12.151
25.06.2019;05:30;12.402
25.06.2019;05:45;12.678
25.06.2019;06:00;13.292
25.06.2019;06:15;13.867
25.06.2019;06:30;14.311
25.06.2019;06:45;14.660
25.06.2019;07:00;15.035
25.06.2019;07:15;15.334
25.06.2019;07:30;15.638
25.06.2019;07:45;15.810
25.06.2019;08:00;15.894
25.06.2019;08:15;16.035
25.06.2019;08:30;16.190
25.06.2019;08:45;16.341
25.06.2019;09:00;16.310
25.06.2019;09:15;16.451
25.06.2019;09:30;16.628
25.06.2019;09:45;16.809
25.06.2019;10:00;16.838
25.06.2019;10:15;16.937
25.06.2019;10:30;17.114
25.06.2019;10:45;17.203
25.06.2019;11:00;17.238
25.06.2019;11:15;17.254
25.06.2019;11:30;17.427
25.06.2019;11:45;17.459
25.06.2019;12:00;17.409
25.06.2019;12:15;17.409
25.06.2019;12:30;17.424
25.06.2019;12:45;17.472
25.06.2019;13:00;17.461
25.06.2019;13:15;17.432
25.06.2019;13:30;17.332
25.06.2019;13:45;17.116
25.06.2019;14:00;17.087
25.06.2019;14:15;17.115
25.06.2019;14:30;17.057
25.06.2019;14:45;16.915
25.06.2019;15:00;16.916
25.06.2019;15:15;16.864
25.06.2019;15:30;16.721
25.06.2019;15:45;16.662
25.06.2019;16:00;16.625
25.06.2019;16:15;16.482
25.06.2019;16:30;16.360
25.06.2019;16:45;16.296
25.06.2019;17:00;16.209
25.06.2019;17:15;16.053
25.06.2019;17:30;15.974
25.06.2019;17:45;15.796
25.06.2019;18:00;15.689
25.06.2019;18:15;15.613
25.06.2019;18:30;15.610
25.06.2019;18:45;15.564
25.06.2019;19:00;15.591
25.06.2019;19:15;15.507
25.06.2019;19:30;15.471
25.06.2019;19:45;15.326
25.06.2019;20:00;15.195
25.06.2019;20:15;14.911
25.06.2019;20:30;14.719
25.06.2019;20:45;14.614
25.06.2019;21:00;14.492
25.06.2019;21:15;14.332
25.06.2019;21:30;14.144
25.06.2019;21:45;14.116
25.06.2019;22:00;14.052
25.06.2019;22:15;13.923
25.06.2019;22:30;13.642
25.06.2019;22:45;13.397
25.06.2019;23:00;13.163
25.06.2019;23:15;13.017
25.06.2019;23:30;12.777
25.06.2019;23:45;12.596
26.06.2019;00:00;12.307
26.06.2019;00:15;12.153
26.06.2019;00:30;12.022
26.06.2019;00:45;11.886
26.06.2019;01:00;11.725
26.06.2019;01:15;11.628
26.06.2019;01:30;11.520
26.06.2019;01:45;11.492
26.06.2019;02:00;11.305
26.06.2019;02:15;11.317
26.06.2019;02:30;11.296
26.06.2019;02:45;11.333
26.06.2019;03:00;11.342
26.06.2019;03:15;11.328
26.06.2019;03:30;11.289
26.06.2019;03:45;11.321
26.06.2019;04:00;11.406
26.06.2019;04:15;11.459
26.06.2019;04:30;11.589
26.06.2019;04:45;11.605
26.06.2019;05:00;11.856
26.06.2019;05:15;11.986
26.06.2019;05:30;12.233
26.06.2019;05:45;12.587
26.06.2019;06:00;13.345
26.06.2019;06:15;13.900
26.06.2019;06:30;14.309
26.06.2019;06:45;14.698
26.06.2019;07:00;15.152
26.06.2019;07:15;15.425
26.06.2019;07:30;15.748
26.06.2019;07:45;15.978
26.06.2019;08:00;16.274
26.06.2019;08:15;16.409
26.06.2019;08:30;16.494
26.06.2019;08:45;16.594
26.06.2019;09:00;16.572
26.06.2019;09:15;16.619
26.06.2019;09:30;16.823
26.06.2019;09:45;16.929
26.06.2019;10:00;17.095
26.06.2019;10:15;17.205
26.06.2019;10:30;17.307
26.06.2019;10:45;17.376
26.06.2019;11:00;17.397
26.06.2019;11:15;17.531
26.06.2019;11:30;17.654
26.06.2019;11:45;17.694
26.06.2019;12:00;17.580
26.06.2019;12:15;17.622
26.06.2019;12:30;17.705
26.06.2019;12:45;17.700
26.06.2019;13:00;17.640
26.06.2019;13:15;17.675
26.06.2019;13:30;17.584
26.06.2019;13:45;17.403
26.06.2019;14:00;17.342
26.06.2019;14:15;17.339
26.06.2019;14:30;17.282
26.06.2019;14:45;17.197
26.06.2019;15:00;17.202
26.06.2019;15:15;17.073
26.06.2019;15:30;16.972
26.06.2019;15:45;16.916
26.06.2019;16:00;16.880
26.06.2019;16:15;16.799
26.06.2019;16:30;16.712
26.06.2019;16:45;16.585
26.06.2019;17:00;16.517
26.06.2019;17:15;16.343
26.06.2019;17:30;16.306
26.06.2019;17:45;16.198
26.06.2019;18:00;16.099
26.06.2019;18:15;16.078
26.06.2019;18:30;16.069
26.06.2019;18:45;16.043
26.06.2019;19:00;16.041
26.06.2019;19:15;15.895
26.06.2019;19:30;15.852
26.06.2019;19:45;15.751
26.06.2019;20:00;15.595
26.06.2019;20:15;15.403
26.06.2019;20:30;15.177
26.06.2019;20:45;14.977
26.06.2019;21:00;14.790
26.06.2019;21:15;14.616
26.06.2019;21:30;14.460
26.06.2019;21:45;14.354
26.06.2019;22:00;14.304
26.06.2019;22:15;14.070
26.06.2019;22:30;13.949
26.06.2019;22:45;13.827
26.06.2019;23:00;13.601
26.06.2019;23:15;13.271
26.06.2019;23:30;13.033
26.06.2019;23:45;12.807
27.06.2019;00:00;12.638
27.06.2019;00:15;12.441
27.06.2019;00:30;12.321
27.06.2019;00:45;12.137
27.06.2019;01:00;12.123
27.06.2019;01:15;11.985
27.06.2019;01:30;11.935
27.06.2019;01:45;11.890
27.06.2019;02:00;11.818
27.06.2019;02:15;11.809
27.06.2019;02:30;11.685
27.06.2019;02:45;11.653
27.06.2019;03:00;11.638
27.06.2019;03:15;11.644
27.06.2019;03:30;11.578
27.06.2019;03:45;11.567
27.06.2019;04:00;11.701
27.06.2019;04:15;11.719
27.06.2019;04:30;11.700
27.06.2019;04:45;11.732
27.06.2019;05:00;12.001
27.06.2019;05:15;12.082
27.06.2019;05:30;12.332
27.06.2019;05:45;12.621
27.06.2019;06:00;13.323
27.06.2019;06:15;13.799
27.06.2019;06:30;14.165
27.06.2019;06:45;14.504
27.06.2019;07:00;14.975
27.06.2019;07:15;15.267
27.06.2019;07:30;15.623
27.06.2019;07:45;15.855
27.06.2019;08:00;16.094
27.06.2019;08:15;16.232
27.06.2019;08:30;16.302
27.06.2019;08:45;16.398
27.06.2019;09:00;16.319
27.06.2019;09:15;16.342
27.06.2019;09:30;16.488
27.06.2019;09:45;16.617
27.06.2019;10:00;16.769
27.06.2019;10:15;16.898
27.06.2019;10:30;17.035
27.06.2019;10:45;17.096
27.06.2019;11:00;17.099
27.06.2019;11:15;17.202
27.06.2019;11:30;17.345
27.06.2019;11:45;17.381
27.06.2019;12:00;17.296
27.06.2019;12:15;17.319
27.06.2019;12:30;17.305
27.06.2019;12:45;17.289
27.06.2019;13:00;17.260
27.06.2019;13:15;17.315
27.06.2019;13:30;17.199
27.06.2019;13:45;17.102
27.06.2019;14:00;16.957
27.06.2019;14:15;16.898
27.06.2019;14:30;16.923
27.06.2019;14:45;16.851
27.06.2019;15:00;16.814
27.06.2019;15:15;16.705
27.06.2019;15:30;16.614
27.06.2019;15:45;16.404
27.06.2019;16:00;16.408
27.06.2019;16:15;16.368
27.06.2019;16:30;16.254
27.06.2019;16:45;16.170
27.06.2019;17:00;16.023
27.06.2019;17:15;15.896
27.06.2019;17:30;15.945
27.06.2019;17:45;15.877
27.06.2019;18:00;15.738
27.06.2019;18:15;15.626
27.06.2019;18:30;15.612
27.06.2019;18:45;15.589
27.06.2019;19:00;15.586
27.06.2019;19:15;15.480
27.06.2019;19:30;15.418
27.06.2019;19:45;15.285
27.06.2019;20:00;15.140
27.06.2019;20:15;14.912
27.06.2019;20:30;14.724
27.06.2019;20:45;14.582
27.06.2019;21:00;14.338
27.06.2019;21:15;14.208
27.06.2019;21:30;14.127
27.06.2019;21:45;13.942
27.06.2019;22:00;13.949
27.06.2019;22:15;13.818
27.06.2019;22:30;13.605
27.06.2019;22:45;13.393
27.06.2019;23:00;13.142
27.06.2019;23:15;12.857
27.06.2019;23:30;12.575
27.06.2019;23:45;12.430
28.06.2019;00:00;12.163
28.06.2019;00:15;11.958
28.06.2019;00:30;11.868
28.06.2019;00:45;11.670
28.06.2019;01:00;11.594
28.06.2019;01:15;11.463
28.06.2019;01:30;11.405
28.06.2019;01:45;11.300
28.06.2019;02:00;11.262
28.06.2019;02:15;11.191
28.06.2019;02:30;11.138
28.06.2019;02:45;11.126
28.06.2019;03:00;11.175
28.06.2019;03:15;11.111
28.06.2019;03:30;11.163
28.06.2019;03:45;11.185
28.06.2019;04:00;11.290
28.06.2019;04:15;11.359
28.06.2019;04:30;11.397
28.06.2019;04:45;11.433
28.06.2019;05:00;11.631
28.06.2019;05:15;11.771
28.06.2019;05:30;11.952
28.06.2019;05:45;12.291
28.06.2019;06:00;12.968
28.06.2019;06:15;13.501
28.06.2019;06:30;13.957
28.06.2019;06:45;14.220
28.06.2019;07:00;14.493
28.06.2019;07:15;14.836
28.06.2019;07:30;15.094
28.06.2019;07:45;15.331
28.06.2019;08:00;15.494
28.06.2019;08:15;15.675
28.06.2019;08:30;15.728
28.06.2019;08:45;15.789
28.06.2019;09:00;15.714
28.06.2019;09:15;15.818
28.06.2019;09:30;15.967
28.06.2019;09:45;16.141
28.06.2019;10:00;16.203
28.06.2019;10:15;16.300
28.06.2019;10:30;16.453
28.06.2019;10:45;16.546
28.06.2019;11:00;16.610
28.06.2019;11:15;16.628
28.06.2019;11:30;16.597
28.06.2019;11:45;16.655
28.06.2019;12:00;16.541
28.06.2019;12:15;16.467
28.06.2019;12:30;16.413
28.06.2019;12:45;16.482
28.06.2019;13:00;16.344
28.06.2019;13:15;16.252
28.06.2019;13:30;16.097
28.06.2019;13:45;15.957
28.06.2019;14:00;15.965
28.06.2019;14:15;15.878
28.06.2019;14:30;15.770
28.06.2019;14:45;15.683
28.06.2019;15:00;15.584
28.06.2019;15:15;15.530
28.06.2019;15:30;15.385
28.06.2019;15:45;15.286
28.06.2019;16:00;15.393
28.06.2019;16:15;15.295
28.06.2019;16:30;15.270
28.06.2019;16:45;15.179
28.06.2019;17:00;15.189
28.06.2019;17:15;15.061
28.06.2019;17:30;15.105
28.06.2019;17:45;15.058
28.06.2019;18:00;14.979
28.06.2019;18:15;14.840
28.06.2019;18:30;14.784
28.06.2019;18:45;14.726
28.06.2019;19:00;14.677
28.06.2019;19:15;14.570
28.06.2019;19:30;14.498
28.06.2019;19:45;14.395
28.06.2019;20:00;14.310
28.06.2019;20:15;14.068
28.06.2019;20:30;13.897
28.06.2019;20:45;13.728
28.06.2019;21:00;13.586
28.06.2019;21:15;13.417
28.06.2019;21:30;13.276
28.06.2019;21:45;13.200
28.06.2019;22:00;13.200
28.06.2019;22:15;13.104
28.06.2019;22:30;12.905
28.06.2019;22:45;12.756
28.06.2019;23:00;12.482
28.06.2019;23:15;12.332
28.06.2019;23:30;12.133
28.06.2019;23:45;11.894
29.06.2019;00:00;11.535
29.06.2019;00:15;11.440
29.06.2019;00:30;11.253
29.06.2019;00:45;11.136
29.06.2019;01:00;10.997
29.06.2019;01:15;10.883
29.06.2019;01:30;10.809
29.06.2019;01:45;10.666
29.06.2019;02:00;10.580
29.06.2019;02:15;10.501
29.06.2019;02:30;10.483
29.06.2019;02:45;10.366
29.06.2019;03:00;10.375
29.06.2019;03:15;10.387
29.06.2019;03:30;10.396
29.06.2019;03:45;10.277
29.06.2019;04:00;10.242
29.06.2019;04:15;10.275
29.06.2019;04:30;10.272
29.06.2019;04:45;10.150
29.06.2019;05:00;10.149
29.06.2019;05:15;10.200
29.06.2019;05:30;10.201
29.06.2019;05:45;10.228
29.06.2019;06:00;10.426
29.06.2019;06:15;10.615
29.06.2019;06:30;10.792
29.06.2019;06:45;11.011
29.06.2019;07:00;11.325
29.06.2019;07:15;11.584
29.06.2019;07:30;11.944
29.06.2019;07:45;12.136
29.06.2019;08:00;12.367
29.06.2019;08:15;12.562
29.06.2019;08:30;12.783
29.06.2019;08:45;13.004
29.06.2019;09:00;13.188
29.06.2019;09:15;13.377
29.06.2019;09:30;13.496
29.06.2019;09:45;13.686
29.06.2019;10:00;13.738
29.06.2019;10:15;13.810
29.06.2019;10:30;13.856
29.06.2019;10:45;13.915
29.06.2019;11:00;13.975
29.06.2019;11:15;14.033
29.06.2019;11:30;14.118
29.06.2019;11:45;14.114
29.06.2019;12:00;14.045
29.06.2019;12:15;13.952
29.06.2019;12:30;13.904
29.06.2019;12:45;13.852
29.06.2019;13:00;13.724
29.06.2019;13:15;13.587
29.06.2019;13:30;13.555
29.06.2019;13:45;13.443
29.06.2019;14:00;13.364
29.06.2019;14:15;13.286
29.06.2019;14:30;13.251
29.06.2019;14:45;13.150
29.06.2019;15:00;13.198
29.06.2019;15:15;13.196
29.06.2019;15:30;13.091
29.06.2019;15:45;13.100
29.06.2019;16:00;13.091
29.06.2019;16:15;13.092
29.06.2019;16:30;12.954
29.06.2019;16:45;12.970
29.06.2019;17:00;12.989
29.06.2019;17:15;12.884
29.06.2019;17:30;12.869
29.06.2019;17:45;12.904
29.06.2019;18:00;12.968
29.06.2019;18:15;12.935
29.06.2019;18:30;12.878
29.06.2019;18:45;12.837
29.06.2019;19:00;12.783
29.06.2019;19:15;12.609
29.06.2019;19:30;12.587
29.06.2019;19:45;12.487
29.06.2019;20:00;12.372
29.06.2019;20:15;12.167
29.06.2019;20:30;12.024
29.06.2019;20:45;11.851
29.06.2019;21:00;11.676
29.06.2019;21:15;11.575
29.06.2019;21:30;11.565
29.06.2019;21:45;11.505
29.06.2019;22:00;11.596
29.06.2019;22:15;11.553
29.06.2019;22:30;11.446
29.06.2019;22:45;11.362
29.06.2019;23:00;11.171
29.06.2019;23:15;11.036
29.06.2019;23:30;10.876
29.06.2019;23:45;10.744
30.06.2019;00:00;10.526
30.06.2019;00:15;10.367
30.06.2019;00:30;10.209
30.06.2019;00:45;10.147
30.06.2019;01:00;10.026
30.06.2019;01:15;9.967
30.06.2019;01:30;9.837
30.06.2019;01:45;9.825
30.06.2019;02:00;9.707
30.06.2019;02:15;9.653
30.06.2019;02:30;9.672
30.06.2019;02:45;9.621
30.06.2019;03:00;9.433
30.06.2019;03:15;9.373
30.06.2019;03:30;9.343
30.06.2019;03:45;9.315
30.06.2019;04:00;9.238
30.06.2019;04:15;9.210
30.06.2019;04:30;9.195
30.06.2019;04:45;9.123
30.06.2019;05:00;9.032
30.06.2019;05:15;8.929
30.06.2019;05:30;9.063
30.06.2019;05:45;9.031
30.06.2019;06:00;9.168
30.06.2019;06:15;9.276
30.06.2019;06:30;9.392
30.06.2019;06:45;9.587
30.06.2019;07:00;9.822
30.06.2019;07:15;9.981
30.06.2019;07:30;10.232
30.06.2019;07:45;10.465
30.06.2019;08:00;10.770
30.06.2019;08:15;11.065
30.06.2019;08:30;11.205
30.06.2019;08:45;11.354
30.06.2019;09:00;11.535
30.06.2019;09:15;11.667
30.06.2019;09:30;11.845
30.06.2019;09:45;12.015
30.06.2019;10:00;12.150
30.06.2019;10:15;12.319
30.06.2019;10:30;12.408
30.06.2019;10:45;12.528
30.06.2019;11:00;12.686
30.06.2019;11:15;12.791
30.06.2019;11:30;12.879
30.06.2019;11:45;12.930
30.06.2019;12:00;12.881
30.06.2019;12:15;12.902
30.06.2019;12:30;12.842
30.06.2019;12:45;12.663
30.06.2019;13:00;12.756
30.06.2019;13:15;12.632
30.06.2019;13:30;12.464
30.06.2019;13:45;12.377
30.06.2019;14:00;12.413
30.06.2019;14:15;12.156
30.06.2019;14:30;12.138
30.06.2019;14:45;12.031
30.06.2019;15:00;11.846
30.06.2019;15:15;12.159
30.06.2019;15:30;12.225
30.06.2019;15:45;12.303
30.06.2019;16:00;12.311
30.06.2019;16:15;12.249
30.06.2019;16:30;12.307
30.06.2019;16:45;12.391
30.06.2019;17:00;12.661
30.06.2019;17:15;12.574
30.06.2019;17:30;12.600
30.06.2019;17:45;12.577
30.06.2019;18:00;12.653
30.06.2019;18:15;12.668
30.06.2019;18:30;12.740
30.06.2019;18:45;12.563
30.06.2019;19:00;12.846
30.06.2019;19:15;12.783
30.06.2019;19:30;12.662
30.06.2019;19:45;12.686
30.06.2019;20:00;12.639
30.06.2019;20:15;12.631
30.06.2019;20:30;12.542
30.06.2019;20:45;12.424
30.06.2019;21:00;12.323
30.06.2019;21:15;12.202
30.06.2019;21:30;12.294
30.06.2019;21:45;12.359
30.06.2019;22:00;12.482
30.06.2019;22:15;12.548
30.06.2019;22:30;12.475
30.06.2019;22:45;12.321
30.06.2019;23:00;12.074
30.06.2019;23:15;11.819
30.06.2019;23:30;11.665
30.06.2019;23:45;11.485
01.07.2019;00:00;11.409
01.07.2019;00:15;11.267
01.07.2019;00:30;11.126
01.07.2019;00:45;11.017
01.07.2019;01:00;10.929
01.07.2019;01:15;10.851
01.07.2019;01:30;10.756
01.07.2019;01:45;10.716
01.07.2019;02:00;10.637
01.07.2019;02:15;10.596
01.07.2019;02:30;10.618
01.07.2019;02:45;10.663
01.07.2019;03:00;10.690
01.07.2019;03:15;10.712
01.07.2019;03:30;10.728
01.07.2019;03:45;10.725
01.07.2019;04:00;10.871
01.07.2019;04:15;10.909
01.07.2019;04:30;10.953
01.07.2019;04:45;11.028
01.07.2019;05:00;11.307
01.07.2019;05:15;11.451
01.07.2019;05:30;11.709
01.07.2019;05:45;12.143
01.07.2019;06:00;12.906
01.07.2019;06:15;13.519
01.07.2019;06:30;14.027
01.07.2019;06:45;14.558
01.07.2019;07:00;14.910
01.07.2019;07:15;15.112
01.07.2019;07:30;15.382
01.07.2019;07:45;15.595
01.07.2019;08:00;15.905
01.07.2019;08:15;16.069
01.07.2019;08:30;16.205
01.07.2019;08:45;16.244
01.07.2019;09:00;16.297
01.07.2019;09:15;16.387
01.07.2019;09:30;16.621
01.07.2019;09:45;16.720
01.07.2019;10:00;16.860
01.07.2019;10:15;16.997
01.07.2019;10:30;17.099
01.07.2019;10:45;17.310
01.07.2019;11:00;17.443
01.07.2019;11:15;17.531
01.07.2019;11:30;17.552
01.07.2019;11:45;17.589
01.07.2019;12:00;17.573
01.07.2019;12:15;17.562
01.07.2019;12:30;17.538
01.07.2019;12:45;17.562
01.07.2019;13:00;17.453
01.07.2019;13:15;17.411
01.07.2019;13:30;17.483
01.07.2019;13:45;17.417
01.07.2019;14:00;17.370
01.07.2019;14:15;17.414
01.07.2019;14:30;17.379
01.07.2019;14:45;17.371
01.07.2019;15:00;17.291
01.07.2019;15:15;17.282
01.07.2019;15:30;17.119
01.07.2019;15:45;17.022
01.07.2019;16:00;16.990
01.07.2019;16:15;16.946
01.07.2019;16:30;16.775
01.07.2019;16:45;16.605
01.07.2019;17:00;16.547
01.07.2019;17:15;16.562
01.07.2019;17:30;16.584
01.07.2019;17:45;16.472
01.07.2019;18:00;16.334
01.07.2019;18:15;16.334
01.07.2019;18:30;16.293
01.07.2019;18:45;16.360
01.07.2019;19:00;16.213
01.07.2019;19:15;15.957
01.07.2019;19:30;15.903
01.07.2019;19:45;15.880
01.07.2019;20:00;15.614
01.07.2019;20:15;15.401
01.07.2019;20:30;15.134
01.07.2019;20:45;14.944
01.07.2019;21:00;14.737
01.07.2019;21:15;14.598
01.07.2019;21:30;14.424
01.07.2019;21:45;14.230
01.07.2019;22:00;14.218
01.07.2019;22:15;13.974
01.07.2019;22:30;13.679
01.07.2019;22:45;13.406
01.07.2019;23:00;13.076
01.07.2019;23:15;12.821
01.07.2019;23:30;12.620
01.07.2019;23:45;12.578
02.07.2019;00:00;12.165
02.07.2019;00:15;12.011
02.07.2019;00:30;11.955
02.07.2019;00:45;11.899
02.07.2019;01:00;11.664
02.07.2019;01:15;11.569
02.07.2019;01:30;11.592
02.07.2019;01:45;11.647
02.07.2019;02:00;11.574
02.07.2019;02:15;11.433
02.07.2019;02:30;11.420
02.07.2019;02:45;11.377
02.07.2019;03:00;11.275
02.07.2019;03:15;11.372
02.07.2019;03:30;11.449
02.07.2019;03:45;11.509
02.07.2019;04:00;11.543
02.07.2019;04:15;11.605
02.07.2019;04:30;11.733
02.07.2019;04:45;11.810
02.07.2019;05:00;12.069
02.07.2019;05:15;12.152
02.07.2019;05:30;12.422
02.07.2019;05:45;12.741
02.07.2019;06:00;13.366
02.07.2019;06:15;13.896
02.07.2019;06:30;14.329
02.07.2019;06:45;14.548
02.07.2019;07:00;14.945
02.07.2019;07:15;15.139
02.07.2019;07:30;15.382
02.07.2019;07:45;15.628
02.07.2019;08:00;15.946
02.07.2019;08:15;16.098
02.07.2019;08:30;16.413
02.07.2019;08:45;16.622
02.07.2019;09:00;16.540
02.07.2019;09:15;16.705
02.07.2019;09:30;-
02.07.2019;09:45;-
02.07.2019;10:00;-
02.07.2019;10:15;-
02.07.2019;10:30;-
02.07.2019;10:45;-
02.07.2019;11:00;-
02.07.2019;11:15;-
02.07.2019;11:30;-
02.07.2019;11:45;-
02.07.2019;12:00;-
02.07.2019;12:15;-
02.07.2019;12:30;-
02.07.2019;12:45;-
02.07.2019;13:00;-
02.07.2019;13:15;-
02.07.2019;13:30;-
02.07.2019;13:45;-
02.07.2019;14:00;-
02.07.2019;14:15;-
02.07.2019;14:30;-
02.07.2019;14:45;-
02.07.2019;15:00;-
02.07.2019;15:15;-
02.07.2019;15:30;-
02.07.2019;15:45;-
02.07.2019;16:00;-
02.07.2019;16:15;-
02.07.2019;16:30;-
02.07.2019;16:45;-
02.07.2019;17:00;-
02.07.2019;17:15;-
02.07.2019;17:30;-
02.07.2019;17:45;-
02.07.2019;18:00;-
02.07.2019;18:15;-
02.07.2019;18:30;-
02.07.2019;18:45;-
02.07.2019;19:00;-
02.07.2019;19:15;-
02.07.2019;19:30;-
02.07.2019;19:45;-
02.07.2019;20:00;-
02.07.2019;20:15;-
02.07.2019;20:30;-
02.07.2019;20:45;-
02.07.2019;21:00;-
02.07.2019;21:15;-
02.07.2019;21:30;-
02.07.2019;21:45;-
02.07.2019;22:00;-
02.07.2019;22:15;-
02.07.2019;22:30;-
02.07.2019;22:45;-
02.07.2019;23:00;-
02.07.2019;23:15;-
02.07.2019;23:30;-
02.07.2019;23:45;-
