Datum;Uhrzeit;Deutschland/Luxemburg[Euro/MWh];Dänemark 1[Euro/MWh];Dänemark 2[Euro/MWh];Frankreich[Euro/MWh];Italien (Nord)[Euro/MWh];Niederlande[Euro/MWh];Polen[Euro/MWh];Schweden 4[Euro/MWh];Schweiz[Euro/MWh];Slowenien[Euro/MWh];Tschechien[Euro/MWh];Ungarn[Euro/MWh];Österreich[Euro/MWh];Deutschland/Österreich/Luxemburg[Euro/MWh]
03.06.2019;00:00;26,57;26,57;26,57;26,61;-;26,8;-;25,93;23,31;26,58;21,11;21,11;26,58;-
03.06.2019;01:00;23,34;23,34;23,34;23,34;-;23,51;-;22,78;19,45;23,36;16,4;16,4;23,36;-
03.06.2019;02:00;20,78;20,78;20,78;20,78;-;20,78;-;20,78;18,14;20,78;15,49;15,49;20,78;-
03.06.2019;03:00;19,97;19,97;19,97;17,71;-;19,84;-;19,97;15,97;19,97;15,63;15,63;19,97;-
03.06.2019;04:00;19,64;19,64;19,64;14,51;-;19,33;-;19,17;20,04;19,64;19,59;19,59;19,64;-
03.06.2019;05:00;24,04;24,04;24,04;21,16;-;23,87;-;24,04;28,07;24,04;25,03;25,03;24,04;-
03.06.2019;06:00;40,62;40,62;40,62;22,24;-;39,22;-;40,62;36,7;40,62;36,17;36,17;40,62;-
03.06.2019;07:00;44,92;44,92;44,92;41,46;-;44,64;-;44,92;42,74;44,92;43,37;44,2;44,92;-
03.06.2019;08:00;45,02;45,02;45,02;45,02;-;45,02;-;45,02;43,3;45,02;42,9;43,86;45,02;-
03.06.2019;09:00;41,81;41,81;41,81;41,81;-;41,81;-;41,81;41,78;41,81;40,26;41,59;41,81;-
03.06.2019;10:00;39,36;39,36;39,36;39,36;-;39,36;-;39,36;39,69;39,36;38,24;39,85;39,36;-
03.06.2019;11:00;37,71;37,71;37,71;37,71;-;37,71;-;37,71;39,08;37,71;37,81;40,01;37,71;-
03.06.2019;12:00;36,25;36,25;36,25;36,25;-;36,25;-;36,25;37,61;36,25;37,63;40,94;36,25;-
03.06.2019;13:00;35,46;35,46;35,46;35,46;-;35,46;-;35,46;36,05;41,63;35,28;40,34;35,46;-
03.06.2019;14:00;35,23;35,23;35,23;35,23;-;35,23;-;35,23;34,89;36,9;34,9;40,01;35,23;-
03.06.2019;15:00;35,68;35,68;35,68;35,68;-;35,68;-;35,68;35,8;44,1;35,1;39,86;35,68;-
03.06.2019;16:00;35,69;35,69;35,69;35,69;-;35,69;-;35,69;37,23;36,1;37,2;40,44;35,69;-
03.06.2019;17:00;42,97;42,97;42,97;38,13;-;42,1;-;42,97;40,85;42,97;42,7;42,97;42,97;-
03.06.2019;18:00;45,42;45,42;45,42;45,42;-;45,42;-;45,42;43,7;45,42;46,73;47,56;45,42;-
03.06.2019;19:00;50,5;50,5;50,5;50,5;-;50,5;-;49,29;46,05;50,5;49;51,48;50,5;-
03.06.2019;20:00;48,98;48,98;48,98;48,91;-;48,98;-;47,81;45,96;57,06;50,43;56,54;48,97;-
03.06.2019;21:00;48,35;48,35;48,35;44,94;-;48,12;-;47,19;45,19;47,9;48,45;51,07;47,9;-
03.06.2019;22:00;45,96;45,96;45,96;45,96;-;45,96;-;44,86;41,93;45,96;43,69;44,43;45,96;-
03.06.2019;23:00;41,4;41,4;41,4;41,4;-;41,4;-;40,41;38,99;41,4;38,48;38,48;41,4;-
04.06.2019;00:00;34,74;34,74;34,74;34,74;-;34,74;-;2,91;37,78;34,74;35,8;35,8;34,74;-
04.06.2019;01:00;32,99;32,99;32,99;32,99;-;32,99;-;3;34,77;32,99;34,34;34,34;32,99;-
04.06.2019;02:00;31,86;31,86;31,86;31,86;-;31,86;-;3,21;33,69;31,86;32,98;32,98;31,86;-
04.06.2019;03:00;31,21;31,21;31,21;28,28;-;30,99;-;3,22;32,96;30,69;31,4;31,4;30,69;-
04.06.2019;04:00;32,83;32,83;32,83;24,49;-;32,23;-;2,92;33,25;31,32;31,19;31,19;31,32;-
04.06.2019;05:00;33,91;33,91;33,91;25,14;-;33,29;-;19,99;34,3;33,91;33,59;33,59;33,91;-
04.06.2019;06:00;42,95;42,95;42,95;30,74;-;42;-;42,95;42,58;40,96;44,4;44,4;40,96;-
04.06.2019;07:00;50,29;50,29;50,29;37,98;-;41,9;-;50,29;46,04;47,18;52,47;53,3;47,18;-
04.06.2019;08:00;55,43;55,43;55,43;47,69;-;54,7;-;55,43;49,72;54,3;50;52,83;54,3;-
04.06.2019;09:00;46,93;46,93;46,93;46,93;-;46,93;-;46,93;46;47;45,36;48,76;46,93;-
04.06.2019;10:00;42,24;42,24;42,24;42,24;-;42,24;-;42,24;42,71;42,24;42,1;44,16;42,24;-
04.06.2019;11:00;41;41;41;41;-;41;-;41;40,38;41;39,73;42,35;41;-
04.06.2019;12:00;37,56;37,56;37,56;37,56;-;37,56;-;37,56;38,38;37,56;38,63;41,59;37,56;-
04.06.2019;13:00;36,5;36,5;36,5;36,5;-;36,5;-;36,5;37,81;36,5;37,35;40,61;36,5;-
04.06.2019;14:00;35,19;35,19;35,19;35,19;-;35,19;-;35,19;37,28;37,1;37;39,52;35,19;-
04.06.2019;15:00;34,47;34,47;34,47;34,47;-;34,47;-;34,47;37,06;37,11;37;39,38;34,47;-
04.06.2019;16:00;36,65;36,65;36,65;36,65;-;36,65;-;36,65;37,89;36,89;38,2;39,38;36,65;-
04.06.2019;17:00;42,92;42,92;42,92;30,03;-;41,86;-;42,92;42,79;42,92;43,8;43,8;42,92;-
04.06.2019;18:00;45,13;45,13;45,13;39,39;-;45,13;-;45,13;44,61;44,94;45,52;47,35;44,94;-
04.06.2019;19:00;46,17;46,17;46,17;43,05;-;46,17;-;46,17;45,87;45,68;48;50,21;45,68;-
04.06.2019;20:00;44,72;44,72;44,72;37,28;-;44,72;-;44,72;44,95;45,45;45;54,77;44,72;-
04.06.2019;21:00;38,28;38,28;38,28;38,28;-;38,28;-;38,28;40,91;40;40,91;48,78;38,28;-
04.06.2019;22:00;33,83;33,83;33,83;33,83;-;33,83;-;33,83;37,36;36,89;37,27;37,27;33,83;-
04.06.2019;23:00;28,01;28,01;28,01;28,01;-;28,01;-;27,34;31,01;28,01;30,8;30,93;28,01;-
05.06.2019;00:00;27,48;26,82;26,82;27,48;-;27,48;-;26,82;28,09;27,48;27,02;27,02;27,48;-
05.06.2019;01:00;26,06;25,23;25,23;26,06;-;26,06;-;25,23;25,92;26,06;25,7;25,7;26,06;-
05.06.2019;02:00;24,55;19,96;19,96;24,55;-;24,55;-;19,96;25,04;24,55;23,81;23,81;24,55;-
05.06.2019;03:00;24,54;16,13;16,13;24,54;-;24,54;-;16,13;24,53;24,54;23,01;23,01;24,54;-
05.06.2019;04:00;25,31;6,08;6,08;25,31;-;25,31;-;6,08;24,68;25,31;24,05;24,05;25,31;-
05.06.2019;05:00;27,75;20,41;20,41;24,6;-;27,53;-;20,41;27,61;27,75;27,05;27,05;27,75;-
05.06.2019;06:00;37,52;32,52;32,52;27,46;-;36,66;-;32,52;37,2;38,7;38,08;38,08;37,52;-
05.06.2019;07:00;44,51;43,44;43,44;37,14;-;44,27;-;43,44;43,38;45,4;44,89;47,93;44,51;-
05.06.2019;08:00;44,99;35,98;44,99;44,99;-;44,99;-;44,99;45,7;70;48,5;52,08;44,99;-
05.06.2019;09:00;43,97;43,97;43,97;43,97;-;43,97;-;43,97;42,73;57,77;44,51;53,65;43,97;-
05.06.2019;10:00;41,38;41,38;41,38;41,38;-;41,38;-;41,38;39,3;52,22;39,93;48,02;41,38;-
05.06.2019;11:00;40,46;40,46;40,46;40,46;-;40,46;-;40,46;38,13;51,15;38,16;46,01;40,46;-
05.06.2019;12:00;38,85;38,85;38,85;38,85;-;38,85;-;38,85;36,37;42,95;36,62;41,59;38,85;-
05.06.2019;13:00;36,32;36,32;36,32;36,32;-;36,32;-;36,32;34,91;39,9;34,95;37;36,32;-
05.06.2019;14:00;36,19;36,19;36,19;36,19;-;36,19;-;36,19;34,07;36,19;34,2;34,44;36,19;-
05.06.2019;15:00;38,01;38,01;38,01;38,01;-;38,01;-;38,01;34,22;38,01;34,12;34,51;38,01;-
05.06.2019;16:00;39;39;39;39;-;39;-;38,93;35,46;39;35,7;35,7;39;-
05.06.2019;17:00;43,45;43,45;43,45;41,37;-;43,37;-;43,45;40,27;43,45;41,37;41,37;43,45;-
05.06.2019;18:00;48,28;48,28;48,28;43,92;-;48,28;-;48,28;42,8;47,65;44,97;44,97;47,65;-
05.06.2019;19:00;56,52;56,52;56,52;44,07;-;56,52;-;56,52;44,88;54,68;47,81;47,81;54,68;-
05.06.2019;20:00;49,41;49,41;49,41;33,88;-;49,41;-;48,22;44,33;47,1;45,97;48,97;47,1;-
05.06.2019;21:00;43,68;43,68;43,68;31,08;-;43,22;-;31,45;40,55;43,68;41,92;43,69;43,68;-
05.06.2019;22:00;39,99;34,57;34,57;39,99;-;39,99;-;26,92;36,87;39,99;37,06;37,06;39,99;-
05.06.2019;23:00;32,09;32,09;32,09;32,09;-;32,09;-;6,53;31,77;32,09;31,26;31,26;32,09;-
06.06.2019;00:00;28,5;28,5;28,5;28,5;-;28,5;-;2,19;29,28;28,5;31,26;28,92;28,5;-
06.06.2019;01:00;26,5;26,5;26,5;26,5;-;26,5;-;2,7;27,49;26,5;31,26;25,44;26,5;-
06.06.2019;02:00;24,64;24,64;24,64;24,64;-;24,64;-;2,42;26,19;24,64;24;24;24,64;-
06.06.2019;03:00;24,03;24,03;24,03;24,03;-;24,03;-;2,38;26,1;24,03;22,97;22,97;24,03;-
06.06.2019;04:00;24,06;24,06;24,06;24,06;-;24,06;-;1,83;25,84;24,06;22,51;22,51;24,06;-
06.06.2019;05:00;27,54;26,22;26,22;27,54;-;27,54;-;2,39;26,77;27,54;25,29;25,29;27,54;-
06.06.2019;06:00;32,16;32,16;32,16;32,16;-;32,16;-;8,62;33,77;32,16;34,17;34,65;32,16;-
06.06.2019;07:00;40,73;33,43;33,43;40,73;-;40,73;-;6,84;39,24;40,73;38,83;43,9;40,73;-
06.06.2019;08:00;42,91;33,72;33,72;42,91;-;42,91;-;12,36;40,63;42,91;40,78;49,96;42,91;-
06.06.2019;09:00;39,93;33,5;33,5;39,93;-;39,93;-;19,98;39,59;39,93;39;49,29;39,93;-
06.06.2019;10:00;34,11;33,02;33,02;34,11;-;34,11;-;23,12;37,43;34,11;36,14;44,32;34,11;-
06.06.2019;11:00;33,62;32,54;32,54;33,62;-;33,62;-;20,31;36,78;35;35;49,4;33,62;-
06.06.2019;12:00;32,31;31,27;31,27;32,31;-;32,31;-;11,1;34,58;37,1;33,04;47,79;32,31;-
06.06.2019;13:00;32;30,98;30,98;32;-;32;-;7,43;33,31;36,1;32,1;46,91;32;-
06.06.2019;14:00;32;30,98;30,98;32;-;32;-;4,87;33,33;35;31,5;47,17;32;-
06.06.2019;15:00;32,53;30,92;30,92;32,53;-;32,53;-;4,21;32,44;35;31,54;42,97;32,53;-
06.06.2019;16:00;33,58;30,91;30,91;33,58;-;33,58;-;4,23;32,45;35;32;42,02;33,58;-
06.06.2019;17:00;35,76;31,87;31,87;35,76;-;35,76;-;8,89;37,22;35,76;37,83;41,09;35,76;-
06.06.2019;18:00;42,98;32,1;32,1;35,98;-;42,75;-;13,04;40,15;42,98;41,26;44,82;42,98;-
06.06.2019;19:00;52,04;37,2;37,2;39,07;-;51,62;-;14,52;41,33;49,93;45,72;50,61;49,93;-
06.06.2019;20:00;59,09;37,2;37,2;39,17;-;58,43;-;12,11;41,83;57,4;49,06;53,53;57,4;-
06.06.2019;21:00;55,3;43,69;43,69;34,34;-;54,6;-;13,49;42,05;51,46;48,17;48,47;51,46;-
06.06.2019;22:00;47,73;41,55;41,55;41,81;-;47,66;-;10,46;43,18;46,48;44;44;46,48;-
06.06.2019;23:00;41,47;31,42;31,42;37,54;-;41,4;-;7,52;37,56;41;38,25;38,25;41;-
07.06.2019;00:00;40,41;29,82;29,82;35,77;-;40,38;-;7,87;36,07;40,05;38,25;36,87;40,05;-
07.06.2019;01:00;34,15;29,34;29,34;23,06;-;34,05;-;10,92;32,98;34,15;38,25;33,06;34,15;-
07.06.2019;02:00;32,46;29,15;29,15;21,72;-;32,46;-;10,75;31,19;32,46;31,01;31,01;32,46;-
07.06.2019;03:00;33,14;29,43;29,43;10,41;-;33,14;-;10,36;31,14;33,14;31,4;31,4;33,14;-
07.06.2019;04:00;32,09;32,09;32,09;6,85;-;32,09;-;4,83;31,29;32,09;31,48;31,48;32,09;-
07.06.2019;05:00;32,49;32,49;32,49;9,41;-;32,41;-;13,72;32,62;36,1;34,02;34,02;32,49;-
07.06.2019;06:00;57,33;57,33;57,33;14,79;-;36,12;-;55,95;41,07;48,07;42,7;43,8;48,07;-
07.06.2019;07:00;73,75;73,75;73,75;31,12;-;43,04;-;71,98;42,78;67,71;50,37;55,11;67,71;-
07.06.2019;08:00;66,98;66,98;66,98;43,55;-;51,17;-;65,38;45,61;73,94;49,01;63,87;66,98;-
07.06.2019;09:00;45,93;45,93;45,93;41,99;-;45,82;-;44,83;42,14;59,82;42,75;55,08;45,93;-
07.06.2019;10:00;37,21;37,21;37,21;37,21;-;37,21;-;37,21;34,76;52,3;37,45;49,08;37,21;-
07.06.2019;11:00;33,39;33,39;33,39;33,39;-;33,39;-;32,59;32;50,34;34,91;47,06;33,39;-
07.06.2019;12:00;30,09;30,09;30,09;30,09;-;30,09;-;30,09;28,18;46,5;32,1;44,97;30,09;-
07.06.2019;13:00;27,7;28,39;28,39;27,7;-;27,7;-;28,39;26,59;46,5;31,69;44,39;27,7;-
07.06.2019;14:00;27,07;27,73;27,73;27,07;-;27,07;-;27,73;25,92;47,64;29,63;44,08;27,07;-
07.06.2019;15:00;27,21;27,45;27,45;27,21;-;27,21;-;27,45;26,53;48,07;31,59;44,24;27,21;-
07.06.2019;16:00;28,66;28,66;28,66;23,26;-;28,57;-;28,66;27,41;50,61;30,1;46,98;28,66;-
07.06.2019;17:00;31,27;31,27;31,27;31,27;-;31,27;-;30,54;31,78;50,64;33,32;44,75;31,27;-
07.06.2019;18:00;39,92;39,92;39,92;27,54;-;38,99;-;38,96;38,46;49,9;38,3;50,05;39,92;-
07.06.2019;19:00;42,04;42,04;42,04;32,17;-;41,28;-;41,03;40,16;48,31;40,31;51,98;42,04;-
07.06.2019;20:00;40,07;40,07;40,07;22,63;-;40,07;-;39,11;39,02;49;39,33;55,39;40,07;-
07.06.2019;21:00;33;33;33;20,22;-;32,02;-;32,21;35,95;47,7;35,63;51,72;33;-
07.06.2019;22:00;30,04;30,04;30,04;30,04;-;30,04;-;29,32;30,81;37,1;31,12;36,93;30,04;-
07.06.2019;23:00;26,25;26,25;26,25;26,25;-;28,8;-;25,62;27,04;36,2;26,82;30,22;26,41;-
08.06.2019;00:00;-0,05;10,42;10,42;3,25;-;42,6;-;10,42;20,55;48,73;9,37;44,96;29,02;-
08.06.2019;01:00;-19,95;12,68;12,68;0,9;-;35;-;12,68;14,44;42,74;6;36,03;28,76;-
08.06.2019;02:00;-39,96;11,74;11,74;2,71;-;27,1;-;11,74;8,8;40,23;0,3;20,56;29,29;-
08.06.2019;03:00;-40;5,99;5,99;-17,67;-;28,1;-;5,99;8,83;36,1;-1;11,06;30,01;-
08.06.2019;04:00;-44,93;3,85;3,85;-24,92;-;27,1;-;3,85;8,85;35,23;-2,28;10,17;29,07;-
08.06.2019;05:00;-54,78;3,66;3,66;-20,54;-;25,5;-;3,66;7,75;30;-6,57;10,6;29,01;-
08.06.2019;06:00;-59,95;3,99;3,99;-6,65;-;23,5;-;3,99;7,93;35,22;-10;19,88;29,02;-
08.06.2019;07:00;-60;10,4;10,4;2,64;-;27,1;-;10,4;8,82;38,08;-7,56;29,46;27,06;-
08.06.2019;08:00;-60,07;11,85;11,85;5,3;-;28,1;-;11,85;8,86;44,15;-10;36,84;26,09;-
08.06.2019;09:00;-65,06;16,62;16,62;5,27;-;29,9;-;16,62;15,42;46;-10;36,73;27,1;-
08.06.2019;10:00;-68,26;13,76;13,76;5,34;-;27,4;-;13,76;21,99;43,42;-15,09;35,4;27,04;-
08.06.2019;11:00;-73,04;15,85;15,85;6,62;-;26,2;-;15,85;20,91;40,23;-23,74;31,16;28,04;-
08.06.2019;12:00;-75,9;13,98;13,98;11,34;-;22,6;-;13,98;22,59;38,14;-31,31;31,16;28,08;-
08.06.2019;13:00;-85,03;1,31;11,54;6,08;-;23,2;-;11,54;21,87;32,52;-37,93;27,69;28,77;-
08.06.2019;14:00;-90,01;0,09;6,55;0,03;-;20,1;-;10,5;21,92;30;-48,14;20,56;29,01;-
08.06.2019;15:00;-85,04;0,09;9,57;0;-;16,5;-;9,57;21,24;35,22;-45,3;27,57;29,22;-
08.06.2019;16:00;-74,44;0,09;9,65;3,43;-;16;-;9,65;21,8;36,1;-30;29,02;30,01;-
08.06.2019;17:00;-65,04;10,71;10,71;6,86;-;26,3;-;10,71;12,79;40,23;-11,08;31,16;30,04;-
08.06.2019;18:00;-59,94;10,45;10,45;10,57;-;26,7;-;10,45;17,57;43,68;5,64;35,44;30,01;-
08.06.2019;19:00;10,54;10,23;10,23;12,92;-;25,8;-;10,23;25,49;43,69;22;40,27;30,08;-
08.06.2019;20:00;23,54;5,53;5,53;11,8;-;34,9;-;5,53;28,89;48,73;31,38;51,91;30,05;-
08.06.2019;21:00;25,47;0,13;3,53;12,39;-;39;-;3,53;29,2;49,09;31,81;53,53;30,04;-
08.06.2019;22:00;27,31;0,1;2,29;21,94;-;48;-;2,29;30,55;40,23;32,63;41,29;28,09;-
08.06.2019;23:00;20,84;0,08;1,63;28,72;-;41;-;1,63;28,71;36,1;29,83;32,57;26,95;-
09.06.2019;00:00;25,62;4,54;4,54;26,15;-;27,7;-;4,54;24,91;25,62;23,51;23,51;25,62;-
09.06.2019;01:00;14,24;2,42;2,42;18,7;-;33,24;-;2,42;22,08;14,24;20,64;20,64;14,24;-
09.06.2019;02:00;12;1,85;1,85;17,13;-;36,43;-;1,85;20,81;12,45;18;18;12,45;-
09.06.2019;03:00;9,16;0,83;0,83;15,11;-;38,09;-;0,83;15,08;9,16;12,24;12,24;9,16;-
09.06.2019;04:00;10,98;0,51;0,51;14,68;-;30;-;0,51;13,61;11,12;11,01;11,01;11,12;-
09.06.2019;05:00;10,72;0,86;0,86;13,87;-;27,7;-;0,86;13,97;10,72;12,47;12,47;10,72;-
09.06.2019;06:00;14,81;1,92;1,92;15,73;-;19,35;-;1,92;13,93;15,14;13,9;13,9;15,14;-
09.06.2019;07:00;13,38;2,9;2,9;15,93;-;25;-;2,9;18,95;13,57;19,11;19,61;13,57;-
09.06.2019;08:00;15,53;11;11;18;-;26,57;-;11;22,18;15,8;21,41;23,84;15,8;-
09.06.2019;09:00;10,47;10,47;10,47;14,88;-;30,29;-;10,47;14,69;11,6;18,7;20,99;11,6;-
09.06.2019;10:00;5,28;5,28;5,28;10,8;-;30,1;-;5,28;12,64;7,25;17,25;20,42;7,25;-
09.06.2019;11:00;12,26;12,26;12,26;15,73;-;27,66;-;12,26;11,5;13,5;18;22,01;13,5;-
09.06.2019;12:00;14,96;14,96;14,96;18,33;-;29,9;-;14,6;13,21;16,16;15,34;19,72;16,16;-
09.06.2019;13:00;13,58;13,58;13,58;15,81;-;23,4;-;13,26;10,17;14,37;13,29;14,7;14,37;-
09.06.2019;14:00;14,93;14,93;14,93;15,73;-;18,47;-;14,57;11,05;15,22;12,5;13,94;15,22;-
09.06.2019;15:00;17,94;17,94;17,94;17,94;-;17,94;-;12,5;15,12;17,94;19,69;22,09;17,94;-
09.06.2019;16:00;24,68;24,68;24,68;18,39;-;28,49;-;11,73;21,45;24,68;24;26,05;24,68;-
09.06.2019;17:00;31,9;31,9;31,9;20,68;-;38,14;-;13,34;29,12;29,61;30,19;30,19;29,61;-
09.06.2019;18:00;44,38;44,38;44,38;29,74;-;43,81;-;43,32;35,67;41,99;37,99;37,99;41,99;-
09.06.2019;19:00;48,77;48,77;48,77;32,12;-;48,77;-;47,6;39,93;45,91;43,8;43,8;45,91;-
09.06.2019;20:00;50,53;50,53;50,53;25,53;-;58,1;-;49,32;40,24;45,82;45,06;45,06;45,82;-
09.06.2019;21:00;47,15;47,15;47,15;19,86;-;57,11;-;46,02;39,12;41,83;42,95;42,95;41,83;-
09.06.2019;22:00;41,12;41,12;41,12;34,38;-;41,49;-;24,05;38,56;39,96;41,58;41,58;39,96;-
09.06.2019;23:00;35,6;35,6;35,6;35,6;-;35,6;-;10,04;32,11;35,6;36,15;36,15;35,6;-
10.06.2019;00:00;33,32;33,32;33,32;33,32;-;33,32;-;1,76;26,41;33,32;26,59;26,59;33,32;-
10.06.2019;01:00;28,84;28,84;28,84;28,84;-;28,84;-;1,16;25,42;28,84;25,28;25,28;28,84;-
10.06.2019;02:00;27,78;27,78;27,78;27,78;-;27,78;-;1,49;24,08;27,78;23,3;23,3;27,78;-
10.06.2019;03:00;27;27;27;27;-;27;-;1,65;22,73;27;21,81;21,81;27;-
10.06.2019;04:00;27,01;27,01;27,01;27,01;-;27,01;-;1,61;22,4;27,01;21;21;27,01;-
10.06.2019;05:00;25,83;25,83;25,83;25,83;-;25,83;-;3,08;22,61;25,83;21,84;21,84;25,83;-
10.06.2019;06:00;26,84;26,84;26,84;26,84;-;26,84;-;26,84;26,35;26,84;25,55;25,55;26,84;-
10.06.2019;07:00;30,03;30,03;30,03;30,03;-;30,03;-;30,03;28,74;30,03;30,02;30,02;30,03;-
10.06.2019;08:00;33,54;33,54;33,54;33,54;-;33,54;-;33,54;28,74;36,1;30,7;30,7;33,54;-
10.06.2019;09:00;30,92;30,92;30,92;30,92;-;30,92;-;30,92;27,8;36,1;30,5;30,5;30,92;-
10.06.2019;10:00;30,06;30,06;30,06;30,06;-;30,06;-;30,06;26,11;36,1;27,72;28,24;30,06;-
10.06.2019;11:00;29,55;29,55;29,55;29,55;-;29,55;-;29,55;26,94;37,1;28,53;29,49;29,55;-
10.06.2019;12:00;28,69;28,69;28,69;28,69;-;28,69;-;28,69;27,06;40,2;28,65;30,19;28,69;-
10.06.2019;13:00;27,13;27,13;27,13;27,32;-;28,03;-;27,13;25,03;40,2;24,87;28,64;27,16;-
10.06.2019;14:00;27,3;27,3;27,3;27,3;-;27,3;-;27,3;22,55;37,1;23,55;26,13;27,3;-
10.06.2019;15:00;27,45;27,45;27,45;27,45;-;27,45;-;27,45;23,05;37,1;24,18;27;27,45;-
10.06.2019;16:00;28,08;28,08;28,08;28,08;-;28,08;-;28,08;26,04;36,1;25,5;27,65;28,08;-
10.06.2019;17:00;31,19;30,92;30,92;31,19;-;31,19;-;30,92;29,86;37,1;31,41;31,41;31,19;-
10.06.2019;18:00;36,48;36,48;36,48;34,98;-;36,52;-;36,48;32,13;36,24;34,92;34,92;36,24;-
10.06.2019;19:00;40;39,04;39,04;40;-;40;-;39,04;36,41;40;38,13;38,13;40;-
10.06.2019;20:00;40,83;39,85;39,85;39,74;-;41,04;-;39,85;37,26;40,68;39,94;40,31;40,68;-
10.06.2019;21:00;39,9;34,5;34,5;39,7;-;39,9;-;34,5;37;40,2;38,57;38,93;39,87;-
10.06.2019;22:00;40;33,57;33,57;40;-;40;-;33,57;34,6;40;36,89;36,89;40;-
10.06.2019;23:00;35,06;31,68;31,68;35,06;-;35,06;-;23,03;30,98;35,06;32,31;32,31;35,06;-
11.06.2019;00:00;30,09;28,73;28,73;33;-;43,65;-;14,86;30,72;30,09;33,51;33,51;30,09;-
11.06.2019;01:00;29,21;28,27;28,27;29,21;-;29,21;-;9,69;29,45;29,21;32,05;32,05;29,21;-
11.06.2019;02:00;28,28;27,37;27,37;28,28;-;28,28;-;10,04;29,13;28,28;29,23;29,23;28,28;-
11.06.2019;03:00;27,05;26,27;26,27;26,87;-;27,14;-;4,4;28,33;27,01;28,79;28,79;27,01;-
11.06.2019;04:00;25,92;25,68;25,68;24,6;-;26,53;-;3,21;29,04;25,62;29,07;29,07;25,62;-
11.06.2019;05:00;29,13;11,61;11,61;29,13;-;29,13;-;11,61;30,47;29,13;31,81;31,81;29,13;-
11.06.2019;06:00;43,29;42,06;42,06;30,07;-;42,32;-;42,06;39,24;41,24;41,6;41,6;41,24;-
11.06.2019;07:00;47,38;46,25;46,25;44;-;47,07;-;46,25;42,6;47;51,34;51,34;47;-
11.06.2019;08:00;52,85;51,58;51,58;48,41;-;52,41;-;51,58;45,06;52,33;55,27;55,27;52,33;-
11.06.2019;09:00;50,03;48,83;48,83;48,99;-;50,03;-;48,83;45,17;49,85;53,32;53,32;49,85;-
11.06.2019;10:00;52,73;34,33;51,46;47,42;-;52,22;-;51,46;45,28;51,96;49;49;51,96;-
11.06.2019;11:00;54,02;33,78;52,73;46,99;-;53,37;-;52,73;45,08;53,02;49;49,96;53,02;-
11.06.2019;12:00;47,38;33,5;46,24;47,38;-;47,38;-;46,24;43,08;47,38;47,51;47,51;47,38;-
11.06.2019;13:00;45,72;33,33;44,62;45,72;-;45,72;-;44,62;42,99;45,72;46,82;47,64;45,72;-
11.06.2019;14:00;45,09;33,37;44;44,09;-;45;-;44;42,52;44,9;45,65;49,7;44,9;-
11.06.2019;15:00;46,48;32,76;45,36;43,19;-;46,19;-;45,36;41,73;45,86;45,74;51,94;45,86;-
11.06.2019;16:00;49,8;32,77;48,6;42,29;-;49,12;-;48,6;41,49;48,38;46,34;52,5;48,38;-
11.06.2019;17:00;55,99;33,06;54,64;42,81;-;55,71;-;54,64;42,16;53,78;50,55;50,55;53,78;-
11.06.2019;18:00;59,38;59,38;59,38;44,5;-;59,38;-;57,95;43,87;57,3;53,02;53,02;57,3;-
11.06.2019;19:00;59,93;56,1;56,1;44,98;-;59,93;-;31,81;43,91;57,59;56,79;56,79;57,59;-
11.06.2019;20:00;54;50,08;50,08;45,72;-;54;-;28,11;42,64;52,94;55,6;55,6;52,94;-
11.06.2019;21:00;51,25;46,16;46,16;43,32;-;51,25;-;20,73;42,22;50,1;51,91;51,91;50,1;-
11.06.2019;22:00;46,1;33,19;33,19;46,1;-;46,1;-;7,77;42,05;46,1;47,54;47,54;46,1;-
11.06.2019;23:00;40,93;32,09;32,09;40,93;-;40,93;-;3,36;39,74;40,93;41,9;41,9;40,93;-
12.06.2019;00:00;37,69;32,91;32,91;37,69;-;37,69;-;2,05;38,34;37,69;38,93;38,93;37,69;-
12.06.2019;01:00;35,65;31,93;31,93;35,65;-;35,65;-;2,46;35;35,65;35,82;35,82;35,65;-
12.06.2019;02:00;33,43;31,31;31,31;33,43;-;33,43;-;2,23;33,52;33,43;33,98;33,98;33,43;-
12.06.2019;03:00;33,44;30,95;30,95;27,58;-;33,04;-;2,41;32,6;32,33;32,57;32,57;32,33;-
12.06.2019;04:00;32,87;30,28;30,28;29,58;-;32,64;-;2,08;32,4;32,25;32,05;32,05;32,25;-
12.06.2019;05:00;35,04;27,99;27,99;30,67;-;34,74;-;12,8;34,61;34,21;34,96;34,96;34,21;-
12.06.2019;06:00;47,82;47,82;47,82;32,83;-;46,66;-;28,7;43,42;45,7;49,3;49,3;45,7;-
12.06.2019;07:00;56,51;56,51;56,51;44,46;-;55,72;-;55,15;45,03;54,94;58,94;58,94;54,94;-
12.06.2019;08:00;62,61;62,61;62,61;51,22;-;62,61;-;61,11;48;60,9;61,33;61,33;60,9;-
12.06.2019;09:00;57,49;57,49;57,49;51;-;57,86;-;56,11;47,83;56,44;56,39;56,39;56,44;-
12.06.2019;10:00;51,91;51,91;51,91;50,54;-;52,31;-;50,66;47,26;51,6;49,95;52,32;51,6;-
12.06.2019;11:00;50,54;50,54;50,54;50,54;-;50,54;-;49,33;45,99;55,04;47,24;52,08;50,54;-
12.06.2019;12:00;45,98;45,98;45,98;45,98;-;45,98;-;33,86;43,77;45,98;43,8;51,4;45,98;-
12.06.2019;13:00;42,91;42,91;42,91;42,91;-;42,91;-;33,74;42,07;44,7;42,11;49,94;42,91;-
12.06.2019;14:00;39,05;39,05;39,05;39,05;-;39,05;-;33,7;41,08;51,31;40,63;51,13;39,05;-
12.06.2019;15:00;34,09;33;33;34,09;-;34,09;-;33;40,03;54,94;39,7;56,88;34,09;-
12.06.2019;16:00;35,34;35,34;35,34;27,72;-;34,9;-;32,39;40,82;54,94;40,4;58,64;35,34;-
12.06.2019;17:00;42,14;42,14;42,14;32,05;-;42,14;-;32,11;41,97;56,27;45;56,96;42,14;-
12.06.2019;18:00;48,5;48,5;48,5;39;-;48,5;-;31,61;43,1;47,19;50;53,54;47,19;-
12.06.2019;19:00;51,44;51,44;51,44;46;-;51,44;-;31,51;43,37;50,69;52,2;55,6;50,69;-
12.06.2019;20:00;50,56;50,56;50,56;39,19;-;50,56;-;30,11;42,12;54,57;52,1;55,54;48,96;-
12.06.2019;21:00;47,7;47,7;47,7;42,92;-;47,7;-;29,6;42,93;50,09;48,94;52,06;47,01;-
12.06.2019;22:00;44,64;44,64;44,64;44,64;-;44,64;-;27,06;43,21;44,64;43,5;47,12;44,64;-
12.06.2019;23:00;38,7;38,7;38,7;38,7;-;38,7;-;18,89;38,08;38,7;38,05;38,05;38,7;-
13.06.2019;00:00;29,78;1,75;3,06;29,78;-;29,78;-;3,06;33,07;29,78;33,32;34,22;29,78;-
13.06.2019;01:00;28,34;10,01;10,01;28,34;-;28,34;-;10,01;31,13;28,34;31,3;31,3;28,34;-
13.06.2019;02:00;27,38;15,65;15,65;26,66;-;27,32;-;15,65;30,04;27,38;29,52;29,52;27,38;-
13.06.2019;03:00;28,34;24,02;24,02;17,2;-;27,35;-;14,46;29,36;28,34;28,6;28,6;28,34;-
13.06.2019;04:00;28,32;22,7;22,7;17,72;-;27,45;-;10,48;29,12;28,32;28,16;28,16;28,32;-
13.06.2019;05:00;29,89;24,09;24,09;20,39;-;29,1;-;24,09;31,13;29,89;30,34;30,34;29,89;-
13.06.2019;06:00;37,45;37,45;37,45;27,83;-;36,56;-;36,55;39,58;37,45;39,86;39,93;37,45;-
13.06.2019;07:00;48,01;48,01;48,01;42,74;-;45,32;-;48,01;43,44;48,01;46,8;49,06;48,01;-
13.06.2019;08:00;44,49;44,49;44,49;44,49;-;44,49;-;44,49;43,88;44,49;47,39;52,3;44,49;-
13.06.2019;09:00;36,42;36,42;36,42;36,42;-;36,42;-;36,42;40,99;36,42;42,01;53,05;36,42;-
13.06.2019;10:00;32,9;32,9;32,9;32,9;-;32,9;-;32,9;35,69;39,1;36,1;52,92;32,9;-
13.06.2019;11:00;30,18;30,18;30,58;30,09;-;30,18;-;30,58;34,08;50,7;34,17;52,02;33,03;-
13.06.2019;12:00;28,42;28,42;29,36;28,23;-;28,42;-;29,36;32,69;44,73;30,51;49,37;33;-
13.06.2019;13:00;28,66;28,66;28,73;28,53;-;28,66;-;28,73;31,49;44,86;29,81;48;33,02;-
13.06.2019;14:00;28,85;28,85;29,56;28,79;-;28,85;-;29,56;30,07;51,7;29,5;49,72;32,1;-
13.06.2019;15:00;30,03;30,03;30,03;29,9;-;29,95;-;30,03;31,08;52,59;29,5;53,09;32,09;-
13.06.2019;16:00;31,11;31,11;31,11;31,09;-;31,11;-;31,11;31,49;56,1;30,6;52,94;32;-
13.06.2019;17:00;33,68;33,68;33,68;33,68;-;33,68;-;33,68;34,48;39,2;39;52,3;33,68;-
13.06.2019;18:00;50,09;50,09;50,09;37,14;-;48,71;-;50,09;43,2;53,39;47,3;53,38;50,09;-
13.06.2019;19:00;64,24;64,24;64,24;43,79;-;62,06;-;62,7;43,41;64,24;56,4;56,4;64,24;-
13.06.2019;20:00;76,5;76,5;76,5;36,38;-;72,87;-;72,94;43,3;76,5;56,4;57,87;76,5;-
13.06.2019;21:00;62,61;62,61;62,61;37,96;-;60,28;-;61,1;43,08;62,61;52,5;55,31;62,61;-
13.06.2019;22:00;47,56;47,56;47,56;47,56;-;47,56;-;46,27;43,87;47,56;46,78;48,52;47,56;-
13.06.2019;23:00;41,03;41,03;41,03;41,03;-;41,03;-;30,61;38,97;41,03;39,41;40,59;41,03;-
14.06.2019;00:00;33,44;29,42;29,42;33,44;-;33,44;-;28,33;33,54;33,44;33,55;34,33;33,44;-
14.06.2019;01:00;29,78;28,82;28,82;29,78;-;29,78;-;25,99;31,62;29,78;31,55;31,55;29,78;-
14.06.2019;02:00;28,24;27,32;27,32;28,05;-;28,22;-;25,01;29,93;28,2;29,35;29,35;28,2;-
14.06.2019;03:00;28,37;27,08;27,08;23,65;-;27,98;-;22,66;29,57;27,7;28,56;28,56;27,7;-
14.06.2019;04:00;28,89;27,09;27,09;17,6;-;27,99;-;23,11;29,1;27,01;28,51;28,51;27,01;-
14.06.2019;05:00;29,88;28,61;28,61;25,66;-;29,55;-;28,61;30,54;29,1;30,84;30,84;29,1;-
14.06.2019;06:00;40,25;40,25;40,25;28,5;-;39,26;-;39,28;39,94;40,25;40,53;40,53;40,25;-
14.06.2019;07:00;52,94;52,94;52,94;35,44;-;51,87;-;52,94;42,98;52,94;50,17;50,17;52,94;-
14.06.2019;08:00;59,61;59,61;59,61;43,06;-;58,68;-;59,61;46,26;59,61;53,6;53,6;59,61;-
14.06.2019;09:00;49,04;49,04;49,04;49,04;-;49,04;-;49,04;45,55;49,04;48,52;48,52;49,04;-
14.06.2019;10:00;42,91;42,91;42,91;42,91;-;42,91;-;42,91;43,06;42,91;43,9;46,45;42,91;-
14.06.2019;11:00;41,01;41,01;41,01;41,01;-;41,01;-;40,02;41,91;49,1;43,32;48;41,01;-
14.06.2019;12:00;34,9;34,9;34,9;34,9;-;34,9;-;34,06;40,38;43,31;40,8;46,99;34,9;-
14.06.2019;13:00;33,02;33,02;33,02;33,02;-;33,02;-;32,41;38,04;43,31;39;46,24;33,02;-
14.06.2019;14:00;33,28;33,28;33,28;33,28;-;33,28;-;32,48;35,38;48;37,98;46,27;33,28;-
14.06.2019;15:00;34,06;34,06;34,06;34,06;-;34,06;-;33,24;35,75;49,1;37,4;44,1;34,06;-
14.06.2019;16:00;36,34;36,34;36,34;36,34;-;36,34;-;35,47;36,31;49,1;40,32;48,93;36,34;-
14.06.2019;17:00;49,02;49,02;49,02;31,63;-;47,79;-;44,86;41,09;49,1;45,7;53,17;49,02;-
14.06.2019;18:00;58,28;58,28;58,28;35,68;-;56,82;-;32,95;42,6;58,28;53,7;54,93;58,28;-
14.06.2019;19:00;64,69;64,69;64,69;40,13;-;62,76;-;32,82;42,61;61,87;57,15;58,02;61,87;-
14.06.2019;20:00;58,94;58,94;58,94;39,01;-;57,36;-;31,44;41,97;56,79;55,61;58,28;56,79;-
14.06.2019;21:00;50,45;50,45;50,45;31,72;-;49,07;-;30,94;41,73;50,45;48,7;56,74;50,45;-
14.06.2019;22:00;43,54;43,54;43,54;42,19;-;43,49;-;30,26;41,11;43,54;42,63;47,77;43,54;-
14.06.2019;23:00;37,94;37,94;37,94;37,94;-;37,94;-;27,82;34,08;37,94;35,53;37,23;37,94;-
15.06.2019;00:00;33,29;28,13;28,13;33,29;-;33,29;-;28,13;33,35;33,29;34,3;34,43;33,29;-
15.06.2019;01:00;31,47;29,14;29,14;31,47;-;31,47;-;27,37;30,36;31,47;30,1;30,1;31,47;-
15.06.2019;02:00;29,92;28,29;28,29;29,92;-;29,92;-;22,97;29,6;29,92;27,1;27,1;29,92;-
15.06.2019;03:00;27,94;27,36;27,36;27,35;-;28,26;-;20,01;27,47;27,82;25,49;25,49;27,82;-
15.06.2019;04:00;26,6;26,6;26,6;25,08;-;27,48;-;18,08;26,08;26,6;24,67;24,67;26,6;-
15.06.2019;05:00;25,66;25,14;25,14;25,11;-;25,98;-;19,91;24,93;25,66;23,17;23,17;25,66;-
15.06.2019;06:00;26,68;25,83;25,83;26,68;-;26,68;-;21,45;28,2;26,68;24,62;24,62;26,68;-
15.06.2019;07:00;29,99;27,91;27,91;29,99;-;29,99;-;24,59;31,12;29,99;29,12;30,05;29,99;-
15.06.2019;08:00;33;28,93;28,93;33;-;33;-;28,51;32,99;33;32,37;35,08;33;-
15.06.2019;09:00;32,27;29,56;29,56;33,94;-;40;-;29,56;32;32,9;32,61;40,23;32,9;-
15.06.2019;10:00;30,13;30,13;30,13;32,2;-;39,5;-;29,41;30,95;30,9;30,06;43,58;30,9;-
15.06.2019;11:00;27,47;27,47;27,47;31,23;-;47,8;-;27,47;29,53;35;28,37;41,64;28,83;-
15.06.2019;12:00;25,38;25,38;25,38;28,35;-;40,66;-;25,38;28,56;29,63;26,45;39,62;25,38;-
15.06.2019;13:00;24,93;24,93;24,93;24,93;-;26;-;24,93;24,27;24,99;24,25;37,61;24,93;-
15.06.2019;14:00;23,54;23,54;23,54;23,54;-;24,31;-;23,54;22,72;24,79;21,79;36,34;23,54;-
15.06.2019;15:00;23,64;23,64;23,64;23,64;-;24,42;-;23,64;22,74;26,2;23,47;38,51;23,64;-
15.06.2019;16:00;24,92;24,32;24,32;24,92;-;24,92;-;24,32;25,54;26,2;24,92;42,17;24,92;-
15.06.2019;17:00;28,97;28,27;28,27;22,74;-;32,37;-;28,27;29,45;28,97;28,9;42,08;28,97;-
15.06.2019;18:00;35,73;29,62;29,62;27,75;-;35,34;-;28,54;34,67;35,73;36,19;43,55;35,73;-
15.06.2019;19:00;40,2;29,72;29,72;25,38;-;40,1;-;27,31;38,32;40,2;39,4;41,71;40,2;-
15.06.2019;20:00;39,64;29,63;29,63;19,84;-;51,02;-;23,93;39,92;39,64;43;50,08;39,64;-
15.06.2019;21:00;39,05;29,4;29,4;19,31;-;50,19;-;22,61;40,18;40,8;42,09;52,94;39,05;-
15.06.2019;22:00;39,09;29,57;29,57;32,94;-;42,79;-;19,22;38,76;39,09;38,9;42,78;39,09;-
15.06.2019;23:00;34,31;29,23;29,23;34,31;-;34,31;-;15,44;33;34,31;34,5;35,22;34,31;-
16.06.2019;00:00;30,17;21,86;21,86;30,17;-;30,17;-;21,86;29,04;30,17;30,43;30,43;30,17;-
16.06.2019;01:00;27,52;27,52;27,52;25,85;-;28,43;-;20,75;25,66;27,52;26,61;26,61;27,52;-
16.06.2019;02:00;26,05;26,05;26,05;18;-;30,46;-;19,79;24,06;26,05;23,91;23,91;26,05;-
16.06.2019;03:00;25,39;25,39;25,39;20,85;-;27,85;-;17,5;22,76;25,39;22,9;22,9;25,39;-
16.06.2019;04:00;25,07;25,07;25,07;19,38;-;28,1;-;14,09;22,35;25,07;22,99;22,99;25,07;-
16.06.2019;05:00;23,88;23,88;23,88;16,55;-;27,79;-;17,97;22,72;22,43;21,8;21,8;22,43;-
16.06.2019;06:00;23,89;23,89;23,89;14,06;-;29,03;-;19,94;22,94;21,91;21,7;21,7;21,91;-
16.06.2019;07:00;26,93;26,93;26,93;14,72;-;33,41;-;25,31;25,56;26,93;23,95;23,95;26,93;-
16.06.2019;08:00;28,35;28,35;28,35;18,42;-;32,6;-;27,67;27,08;28,35;28,1;28,1;28,35;-
16.06.2019;09:00;28,04;28,04;28,04;22,15;-;31,55;-;28,04;26,09;28,04;28,65;28,65;28,04;-
16.06.2019;10:00;27,44;27,44;27,44;25,93;-;28,35;-;27,44;25,25;27,44;27,74;27,74;27,44;-
16.06.2019;11:00;27,98;27,98;27,98;27,98;-;27,98;-;27,98;24,48;27,98;29,1;29,1;27,98;-
16.06.2019;12:00;27,17;27,17;27,17;27,17;-;27,17;-;27,17;23,46;27,17;25,87;27,56;27,17;-
16.06.2019;13:00;23,92;23,92;23,92;23,92;-;23,92;-;23,92;19,66;23,92;23,4;23,4;23,92;-
16.06.2019;14:00;23,1;23,1;23,1;15,01;-;25,93;-;23,1;17,62;23,1;19,79;22,93;23,1;-
16.06.2019;15:00;24,65;24,65;24,65;16;-;27,51;-;24,65;17,55;24,65;19,6;23,1;24,65;-
16.06.2019;16:00;25,78;25,78;25,78;14,56;-;29,48;-;25,16;21,46;25,78;22,77;29,01;25,78;-
16.06.2019;17:00;30,71;30,71;30,71;20,89;-;34,2;-;25,91;29,63;30,71;28,8;33,07;30,71;-
16.06.2019;18:00;38,2;38,2;38,2;25,09;-;37,75;-;28,02;39,02;36,06;39,96;40,25;36,06;-
16.06.2019;19:00;44,84;44,84;44,84;29,58;-;44,44;-;28,7;41,04;42,36;45;45;42,36;-
16.06.2019;20:00;47,95;47,95;47,95;31,95;-;49,26;-;27,92;41,09;45,17;46;48,23;45,17;-
16.06.2019;21:00;51,6;51,6;51,6;30,32;-;52,15;-;27,38;40,95;47,97;46,1;48,01;47,97;-
16.06.2019;22:00;48,05;48,05;48,05;41,02;-;47,8;-;25,66;40,93;46,91;44,92;44,92;46,91;-
16.06.2019;23:00;40,91;40,91;40,91;40,91;-;40,91;-;19,97;37,69;40,91;38,1;38,1;40,91;-
17.06.2019;00:00;33,06;33,06;33,06;33,06;-;33,06;-;18,27;32,49;33,06;32,9;32,9;33,06;-
17.06.2019;01:00;30,28;30,28;30,28;30,28;-;30,28;-;17,03;30,49;30,28;30,46;30,46;30,28;-
17.06.2019;02:00;29,96;29,96;29,96;19,93;-;30,5;-;17,24;29,93;28,13;28,3;28,3;28,13;-
17.06.2019;03:00;29,48;29,48;29,48;18,01;-;30,46;-;15,73;29,27;27,36;27,25;27,25;27,36;-
17.06.2019;04:00;29,49;29,28;29,28;18,23;-;29,52;-;11,74;29,46;27,48;26,92;26,92;27,48;-
17.06.2019;05:00;30,95;30,95;30,95;25,62;-;30,69;-;25,68;30,64;30,02;28,88;28,88;30,02;-
17.06.2019;06:00;45,79;45,79;45,79;24,56;-;44,22;-;31,27;40,93;43,64;40,54;40,54;43,64;-
17.06.2019;07:00;50,8;50,8;50,8;36,29;-;50,8;-;33,32;38,96;48,74;54;54;48,74;-
17.06.2019;08:00;49,02;49,02;49,02;35,82;-;49,02;-;34,86;40,92;47,1;54,8;54,8;47,1;-
17.06.2019;09:00;39,19;39,19;39,19;39,19;-;39,19;-;34,68;40,94;39,19;47,2;47,2;39,19;-
17.06.2019;10:00;34,64;34,64;34,64;34,64;-;34,64;-;33,53;37,82;34,64;42;42;34,64;-
17.06.2019;11:00;33,7;32,62;33,7;33,7;-;33,7;-;32,62;37,78;33,7;41,7;41,7;33,7;-
17.06.2019;12:00;33,99;32,9;33,99;33,99;-;33,99;-;32,9;34,77;35,89;39,67;39,67;33,99;-
17.06.2019;13:00;35,16;32,42;35,16;35,16;-;35,16;-;32,42;33,19;35,16;39;39;35,16;-
17.06.2019;14:00;34,76;32,64;34,76;34,76;-;34,76;-;32,64;33,51;34,76;38,05;38,05;34,76;-
17.06.2019;15:00;35,5;31,66;35,5;35,5;-;35,5;-;31,66;35,48;35,5;37,93;38;35,5;-
17.06.2019;16:00;39,52;31,09;36,64;36,2;-;39,17;-;30,74;36,85;39,52;41,6;41,6;39,52;-
17.06.2019;17:00;44,97;44,97;44,97;38,86;-;44,97;-;31,27;37,85;44,97;51;51;44,97;-
17.06.2019;18:00;57,06;57,06;57,06;41,06;-;55,55;-;31,46;39,12;55,6;59,25;59,25;55,6;-
17.06.2019;19:00;70,1;70,1;70,1;42,44;-;70,1;-;31,42;39,56;66,55;64,6;64,6;66,55;-
17.06.2019;20:00;69,52;69,52;69,52;39,97;-;69,52;-;29,76;37,85;65,43;63,61;63,61;65,43;-
17.06.2019;21:00;58,24;58,24;58,24;34,24;-;58,24;-;28,18;37,9;54,92;58;58;54,92;-
17.06.2019;22:00;45,53;45,53;45,53;41,09;-;46,67;-;23,24;40,66;44,57;50,1;50,1;44,57;-
17.06.2019;23:00;39,1;31,14;31,14;39,1;-;39,1;-;19,74;37,53;39,1;42,2;42,2;39,1;-
18.06.2019;00:00;32,97;17,77;17,77;32,97;-;32,97;-;17,77;33,08;32,97;34,2;34,2;32,97;-
18.06.2019;01:00;32,85;30,23;30,23;32,85;-;32,85;-;17,75;30,36;32,85;30,9;30,9;32,85;-
18.06.2019;02:00;30,6;29,88;29,88;28,54;-;31,71;-;16,21;29,42;30,6;29,43;29,43;30,6;-
18.06.2019;03:00;30,05;29,77;29,77;15,83;-;32,87;-;14,09;29,1;30,05;28,44;28,44;30,05;-
18.06.2019;04:00;30,96;29,62;29,62;15,64;-;32,6;-;10,1;29,06;30,96;28,07;28,07;30,96;-
18.06.2019;05:00;31,09;22,06;22,06;20,07;-;32,03;-;22,06;29,9;31,09;31,1;31,1;31,09;-
18.06.2019;06:00;41,26;39,68;39,68;30,9;-;40,16;-;31,4;34,4;41,26;43,1;43,1;41,26;-
18.06.2019;07:00;51,74;51,74;51,74;31,83;-;51,74;-;50,5;38,72;51,74;52,12;52,12;51,74;-
18.06.2019;08:00;49,75;49,75;49,75;41,05;-;49,75;-;48,56;39,09;65,46;52,73;59;49,75;-
18.06.2019;09:00;43,74;43,74;43,74;41,61;-;45,11;-;42,69;40,32;56,26;45,66;57,53;43,74;-
18.06.2019;10:00;39,92;39,92;39,92;39,92;-;39,92;-;38,96;38,34;54,04;40,04;55,24;39,92;-
18.06.2019;11:00;38,9;38,9;38,9;38,9;-;38,9;-;37,97;37,51;51,86;37,6;52,75;38,9;-
18.06.2019;12:00;37,12;37,12;37,12;37,12;-;37,12;-;36,23;34,74;47,39;35,42;51,9;37,12;-
18.06.2019;13:00;36,1;36,1;36,1;36,1;-;36,1;-;33,52;34,46;45,02;35,25;50,92;36,1;-
18.06.2019;14:00;36,06;36,06;36,06;36,06;-;36,06;-;32,85;34,91;54;35,01;52,37;36,06;-
18.06.2019;15:00;38,37;38,37;38,37;33,2;-;38,37;-;31,16;35,01;55,86;35,97;55,01;38,37;-
18.06.2019;16:00;42,92;42,92;42,92;34,65;-;42,92;-;29,44;37,07;57,1;40;57,04;42,92;-
18.06.2019;17:00;47,74;47,74;47,74;39,51;-;53,74;-;30,4;39,49;55,53;47;58,62;45,5;-
18.06.2019;18:00;51,96;51,96;51,96;41,06;-;58,8;-;31,5;40,06;49,28;57,8;61,13;49,28;-
18.06.2019;19:00;66,16;66,16;66,16;42,05;-;66,16;-;31,42;40,75;62,91;66,93;67,93;62,91;-
18.06.2019;20:00;67,12;67,12;67,12;37,46;-;67,12;-;29,38;40,95;63,1;64,27;70,91;63,1;-
18.06.2019;21:00;53,2;53,2;53,2;31;-;53,2;-;27,88;39,01;58,13;55;65,79;49,72;-
18.06.2019;22:00;47,06;47,06;47,06;35,08;-;47;-;24,82;40,26;51,8;46,3;51,41;44,92;-
18.06.2019;23:00;37,08;37,08;37,08;37,08;-;37,08;-;20,52;38,12;40,1;39,5;44,21;37,08;-
19.06.2019;00:00;34,12;34,12;34,12;34,12;-;34,12;-;4,1;35,6;34,12;34,3;37,69;34,12;-
19.06.2019;01:00;33,26;31,15;31,15;24,91;-;35,32;-;14,08;34,28;33,26;33,4;33,4;33,26;-
19.06.2019;02:00;33,02;30,85;30,85;22,97;-;35,06;-;17,59;32,77;33,02;31,55;31,55;33,02;-
19.06.2019;03:00;33,23;30,86;30,86;21,99;-;35,39;-;16,76;32,19;33,23;31,42;31,42;33,23;-
19.06.2019;04:00;33,62;30,93;30,93;17,31;-;35,01;-;14,01;32,14;33,62;31,2;31,2;33,62;-
19.06.2019;05:00;33,28;33,28;33,28;19,27;-;32,04;-;24,92;33,31;33,28;32,36;32,36;33,28;-
19.06.2019;06:00;43,07;43,07;43,07;21,59;-;40,96;-;43,07;38,24;43,07;43,6;43,68;43,07;-
19.06.2019;07:00;54,43;54,43;54,43;37,89;-;52,3;-;54,43;38,52;54,49;55,5;58,52;52,75;-
19.06.2019;08:00;58,64;58,64;58,64;39,41;-;58,42;-;58,64;41,37;60,1;54,5;59,13;55,3;-
19.06.2019;09:00;49,28;49,28;49,28;39,72;-;48,83;-;49,28;40,44;60,1;48,3;59,57;49,28;-
19.06.2019;10:00;42,98;42,98;42,98;42,98;-;42,98;-;42,98;39,62;56,68;42,14;59,29;42,98;-
19.06.2019;11:00;40,81;40,81;40,81;40,81;-;40,81;-;40,81;38,54;57,12;41,41;61,99;40,81;-
19.06.2019;12:00;37,01;37,01;37,01;37,01;-;37,01;-;37,01;36,81;54,89;38,62;62,06;37,01;-
19.06.2019;13:00;36,93;36,93;36,93;36,93;-;36,93;-;36,93;36,77;56,22;54;61,19;36,93;-
19.06.2019;14:00;36,29;36,29;36,29;36,29;-;36,29;-;36,29;36,11;56,16;50;65,03;36,29;-
19.06.2019;15:00;36,09;36,09;36,09;36,09;-;36,09;-;36,09;36,02;57,3;37,74;62;36,09;-
19.06.2019;16:00;34,91;34,91;34,91;34,91;-;34,91;-;34,91;36,91;53,35;38,17;58,35;34,91;-
19.06.2019;17:00;42,91;42,91;42,91;30,32;-;41,78;-;42,91;37,44;42,91;43,01;52,93;42,91;-
19.06.2019;18:00;49,94;49,94;49,94;38,63;-;49,94;-;49,94;38,12;48,3;46,7;58,98;48,3;-
19.06.2019;19:00;53,17;53,17;53,17;39,47;-;53,17;-;53,17;38,2;51,17;53,3;62,68;51,17;-
19.06.2019;20:00;51,07;51,07;51,07;33,93;-;51,07;-;49,85;37,55;60;52,24;70,58;48,57;-
19.06.2019;21:00;45,64;45,64;45,64;36,63;-;45,64;-;44,55;38,09;58,36;47,1;65,02;44,92;-
19.06.2019;22:00;40,08;40,08;40,08;40,08;-;40,08;-;39,12;38,57;49,83;43,01;51,99;40,08;-
19.06.2019;23:00;34,99;34,99;34,99;34,99;-;34,99;-;28,86;35,79;38,1;36,53;40,09;34,99;-
20.06.2019;00:00;30,8;30,75;30,75;30,8;-;30,8;-;28,95;34,15;30,8;33,13;35,08;30,8;-
20.06.2019;01:00;30,23;30,23;30,23;29,5;-;31,23;-;28,43;31,98;30,23;31,54;31,54;30,23;-
20.06.2019;02:00;29,87;29,87;29,87;29,55;-;30,08;-;27,34;30,63;29,87;30,21;30,21;29,87;-
20.06.2019;03:00;28,71;28,71;28,71;27,07;-;30;-;25,07;30,26;28,71;29,01;29,01;28,71;-
20.06.2019;04:00;28,54;28,54;28,54;21,04;-;31,7;-;18,7;29,98;28,54;28,03;28,03;28,54;-
20.06.2019;05:00;29,11;29,11;29,11;27,73;-;30,03;-;23,05;30,2;29,11;28;30,06;29,11;-
20.06.2019;06:00;30,93;30,93;30,93;29,42;-;31,98;-;30,71;32,76;30,93;31,01;36,7;30,93;-
20.06.2019;07:00;36,09;36,09;36,09;36,09;-;36,09;-;35,23;37,68;36,09;37,22;46,35;36,09;-
20.06.2019;08:00;39,68;39,68;39,68;40,39;-;41,76;-;39,68;40,02;39,62;39,1;50,58;39,62;-
20.06.2019;09:00;36,91;36,91;36,91;39,35;-;50,07;-;36,91;38,08;38,1;38,7;53,44;36,91;-
20.06.2019;10:00;35,69;35,69;35,69;38,95;-;44,9;-;35,69;37,92;58,86;37,8;55,62;35,69;-
20.06.2019;11:00;36,98;36,98;36,98;37,81;-;39,29;-;36,98;37,5;57,86;37,8;57,43;36,98;-
20.06.2019;12:00;36,08;36,08;36,08;36,08;-;36,08;-;35,21;35,39;54,53;34,8;62,52;36,08;-
20.06.2019;13:00;34,09;34,09;34,09;34,09;-;34,09;-;33,27;34,66;54,02;34,1;61,1;34,09;-
20.06.2019;14:00;33,17;33,17;33,17;33,17;-;33,17;-;32,37;34,22;55,75;33,7;58,36;33,17;-
20.06.2019;15:00;33,93;33,93;33,93;33,93;-;33,93;-;33,11;33,77;57,71;33,82;59,58;33,93;-
20.06.2019;16:00;33,54;33,54;33,54;33,54;-;33,54;-;32,73;33,64;58,91;31,75;60,58;33,54;-
20.06.2019;17:00;36,71;36,71;36,71;36,71;-;36,71;-;35,83;36,96;59,59;36,35;61,98;36,71;-
20.06.2019;18:00;39,62;39,62;39,62;39,62;-;39,62;-;30,55;39,76;56,1;42,4;58,84;39,62;-
20.06.2019;19:00;44,82;44,82;44,82;40,48;-;44,82;-;43,75;39,74;54,01;47;60,09;44,15;-
20.06.2019;20:00;51,96;51,96;51,96;38,57;-;51,96;-;44,72;38,39;61;49,64;60,51;50,15;-
20.06.2019;21:00;50;50;50;34,05;-;50;-;28,46;38,87;58;47,29;59,45;47,53;-
20.06.2019;22:00;46,63;46,63;46,63;44,71;-;46,52;-;25,38;41,07;49,71;44,25;51,01;46,33;-
20.06.2019;23:00;39,28;39,28;39,28;39,28;-;39,28;-;16,95;38,44;39,28;38,51;43,12;39,28;-
21.06.2019;00:00;34,3;34,3;34,3;34,3;-;34,3;-;24,89;34,42;35,88;33,7;41,04;34,3;-
21.06.2019;01:00;32,17;32,17;32,17;30,47;-;32,03;-;23,22;32,41;32,17;32,44;33,71;32,17;-
21.06.2019;02:00;31,92;31,92;31,92;27,21;-;31,52;-;20,41;31,52;31,67;31,97;31,97;31,67;-
21.06.2019;03:00;33;33;33;19,76;-;31,81;-;18,76;31,32;30,8;31,46;31,46;30,8;-
21.06.2019;04:00;33,42;33,42;33,42;17,91;-;32,04;-;14,06;31,35;33,42;30,9;30,9;33,42;-
21.06.2019;05:00;34,02;34,02;34,02;24,39;-;33,19;-;24,13;32,58;34,02;32,46;32,46;34,02;-
21.06.2019;06:00;40,72;40,72;40,72;26,61;-;39,51;-;27,45;38,97;41,5;38,34;40,06;40,72;-
21.06.2019;07:00;46,42;46,42;46,42;31,98;-;45,38;-;28,24;42,81;49,35;49;53,69;44,1;-
21.06.2019;08:00;47,09;47,09;47,09;47,09;-;47,09;-;45,96;46,01;55,86;51,9;59,68;47,09;-
21.06.2019;09:00;44,41;44,41;44,41;44,41;-;44,41;-;43,34;44,14;55,2;45,02;59,58;44,41;-
21.06.2019;10:00;43,93;43,93;43,93;43,93;-;43,93;-;42,88;41,09;55,15;40,44;58,06;43,93;-
21.06.2019;11:00;41,04;41,04;41,04;41,04;-;41,04;-;40,06;39,44;54,53;38,21;59,5;41,04;-
21.06.2019;12:00;36,21;36,21;36,21;36,21;-;36,21;-;35,34;37,8;49,48;36,1;61,05;36,21;-
21.06.2019;13:00;33,53;33,53;33,53;33,53;-;33,53;-;32,73;36,17;49,06;33,97;58,97;33,53;-
21.06.2019;14:00;32,41;32,41;32,41;32,41;-;32,41;-;28,53;34,95;52,86;33,01;58,99;32,41;-
21.06.2019;15:00;32,26;31,02;31,02;32,26;-;32,26;-;27,77;34,57;54,53;33,13;60,37;32,26;-
21.06.2019;16:00;32,22;30,61;30,61;32,22;-;32,22;-;28,39;34,54;54,86;33,73;61,09;32,22;-
21.06.2019;17:00;34,98;30,42;30,42;34,98;-;34,98;-;28,41;38,43;54,53;38;62,14;34,98;-
21.06.2019;18:00;40,79;40,79;40,79;40,79;-;40,79;-;28,54;42,31;49,92;42;58,5;40,79;-
21.06.2019;19:00;44,54;44,54;44,54;42,36;-;44,5;-;28,08;42,36;44,58;47;59,1;44,18;-
21.06.2019;20:00;47,84;42,04;42,04;35,48;-;47,84;-;25,01;41,25;45,96;50,02;60,79;45,96;-
21.06.2019;21:00;49,91;42,23;42,23;29,57;-;49,91;-;25,65;41,67;46,63;48,2;59,05;46,63;-
21.06.2019;22:00;44,41;31,3;31,3;37,46;-;44,26;-;24,7;41,17;43,26;44,12;52,11;43,26;-
21.06.2019;23:00;36,95;30,97;30,97;36,95;-;36,95;-;21,02;38,18;39,59;38,2;44,09;36,95;-
22.06.2019;00:00;35,58;33,63;33,63;28,65;-;35,58;-;25,02;33,29;45,08;34,7;38,34;35,58;-
22.06.2019;01:00;31,91;30,82;30,82;20,37;-;31,84;-;21,14;31,94;33,1;33,4;33,4;31,91;-
22.06.2019;02:00;29,99;29,99;29,99;16,56;-;29,44;-;15,02;31,7;36,1;32,46;32,46;29,99;-
22.06.2019;03:00;29,92;29,92;29,92;16,35;-;29,28;-;2,91;31,2;35,97;32,42;32,42;29,92;-
22.06.2019;04:00;29,3;29,3;29,3;12,62;-;28,98;-;1,5;30,73;34,93;31,51;31,51;29,3;-
22.06.2019;05:00;29,06;29,06;29,06;17,63;-;28,59;-;2,4;30,32;30;30,55;30,55;29,06;-
22.06.2019;06:00;29,91;29,91;29,91;17,37;-;29,48;-;15,02;31,46;29,91;31,54;31,54;29,91;-
22.06.2019;07:00;32,57;32,57;32,57;26,94;-;32,36;-;23,92;34,96;35,1;34,8;38,9;32,57;-
22.06.2019;08:00;34,85;34,85;34,85;24,34;-;34,46;-;23,11;36,81;38,1;36,04;40,39;34,85;-
22.06.2019;09:00;31,98;31,98;31,98;28,67;-;31,86;-;23,96;32,86;43,77;34,47;45,43;31,98;-
22.06.2019;10:00;31,06;31,06;31,06;27,35;-;30,92;-;24,7;31,56;43,77;32,3;45,69;31,06;-
22.06.2019;11:00;29,98;29,98;29,98;24,76;-;29,79;-;25,37;30,99;42,3;30,8;42,37;29,98;-
22.06.2019;12:00;29,97;29,97;29,97;29,97;-;29,97;-;24,9;30,43;36,79;28,6;39,55;29,97;-
22.06.2019;13:00;28,55;28,55;28,55;28,55;-;28,55;-;24,31;30,08;35,13;28,4;37,64;28,55;-
22.06.2019;14:00;28,45;28,45;28,45;22,73;-;28,18;-;24,31;29,8;30,99;28,03;36,88;28,45;-
22.06.2019;15:00;28,69;28,69;28,69;17,74;-;28,21;-;23,47;29,68;35;28,03;36,38;28,69;-
22.06.2019;16:00;29,96;29,96;29,96;15,8;-;29,41;-;23,2;30,27;34,82;29;37,64;29,96;-
22.06.2019;17:00;33,15;33,15;33,15;17,91;-;32,37;-;32,35;33,01;36,41;32,5;39,41;33,15;-
22.06.2019;18:00;34,73;34,73;34,73;27,21;-;34,37;-;33,89;36,3;42,29;38,03;42,77;34,73;-
22.06.2019;19:00;37,91;37,91;37,91;34,8;-;37,91;-;37;36,68;45,1;39,5;46,85;37,58;-
22.06.2019;20:00;35,38;35,38;35,38;32,54;-;35,38;-;34,53;35,21;45,1;39;50,58;35,38;-
22.06.2019;21:00;32,63;32,63;32,63;30,85;-;32,63;-;31,84;34,58;46,3;37,2;49,24;32,63;-
22.06.2019;22:00;34,03;34,03;34,03;34,03;-;34,03;-;24,96;32,69;42,3;34,91;43,95;34,03;-
22.06.2019;23:00;29,58;29,58;29,58;29,58;-;29,58;-;22,87;29,59;29,58;30,2;34,03;29,58;-
23.06.2019;00:00;28,1;28,1;28,1;28,1;-;28,1;-;21,39;26,75;36,1;25,5;35,78;28,1;-
23.06.2019;01:00;26,76;26,76;26,76;23,48;-;26,94;-;16,92;24,3;34,1;22,01;27,31;26,76;-
23.06.2019;02:00;26,02;26,02;26,02;14,44;-;31,62;-;14,05;21,93;26,02;19,72;23,5;26,02;-
23.06.2019;03:00;25,33;25,33;25,33;6,54;-;36,39;-;8,22;20,24;25,33;17,3;19,93;25,33;-
23.06.2019;04:00;21,81;21,81;21,81;4,38;-;37,62;-;4,91;18,78;21,81;15;17,01;21,81;-
23.06.2019;05:00;21,81;21,81;21,81;-0,1;-;32,12;-;14,07;18,47;21,81;14,5;14,5;21,81;-
23.06.2019;06:00;21,19;21,19;21,19;-0,91;-;31,53;-;20,68;20,01;21,19;17;17;21,19;-
23.06.2019;07:00;21,89;21,89;21,89;5,07;-;34,8;-;21,89;22,53;21,89;20,6;25;21,89;-
23.06.2019;08:00;25,2;25,78;25,78;9,83;-;32,64;-;25,78;23,3;25,2;23;28,78;25,2;-
23.06.2019;09:00;24,95;25,72;25,72;9,21;-;32,59;-;25,72;20,17;25,1;24;31,05;24,95;-
23.06.2019;10:00;19,03;25,37;25,37;7,19;-;24,8;-;25,37;12,3;19,03;20;36,91;19,03;-
23.06.2019;11:00;16,96;24,17;24,17;8,23;-;24,8;-;24,17;11,2;36,1;19;35,6;16,96;-
23.06.2019;12:00;9,94;22,04;22,04;11,75;-;19;-;22,04;10,99;36,1;14,5;34,48;10,61;-
23.06.2019;13:00;2,58;21,8;21,8;5,03;-;14,9;-;21,8;5,7;35;12,6;30,07;3,48;-
23.06.2019;14:00;-4,27;22,14;22,14;0,01;-;16,86;-;22,14;0,74;34,1;7,01;28,02;-2,69;-
23.06.2019;15:00;-5,34;23,3;23,3;-0,92;-;22,55;-;23,3;0,92;25,1;10,6;31,12;-3,16;-
23.06.2019;16:00;0,04;26,48;26,48;0,04;-;24,59;-;26,48;5,15;2,07;13,5;34,76;2,07;-
23.06.2019;17:00;25,1;27,03;27,03;10,03;-;32,13;-;27,03;19,16;25,1;22,1;34,66;25,1;-
23.06.2019;18:00;28,75;28,75;28,75;16,99;-;32,44;-;28,75;30;28,75;32,8;34,67;28,75;-
23.06.2019;19:00;35,61;35,61;35,61;23,98;-;41,18;-;34,75;31,75;34,91;36,1;39,59;34,91;-
23.06.2019;20:00;36,35;36,35;36,35;19,1;-;47,87;-;35,47;32,88;42,2;36,11;47,05;34,91;-
23.06.2019;21:00;31,89;31,89;31,89;23,21;-;32,95;-;31,13;31,85;45,55;35,5;50,6;31,9;-
23.06.2019;22:00;34,19;34,19;34,19;34,19;-;34,19;-;29,77;31,59;36,1;35,26;38,5;34,19;-
23.06.2019;23:00;28,19;28,19;28,19;29,48;-;34,4;-;27,04;28,09;34,1;28,22;33,59;28,57;-
24.06.2019;00:00;26,97;26,97;26,97;26,97;-;26,97;-;26,32;25,09;26,97;28,02;28,02;26,97;-
24.06.2019;01:00;25,68;25,68;25,68;25,68;-;25,68;-;25,07;23,25;25,68;25,34;25,34;25,68;-
24.06.2019;02:00;24;24;24;24;-;24;-;23,43;22,09;24;24,87;24,87;24;-
24.06.2019;03:00;24,6;24,6;24,6;16,83;-;24,71;-;24,01;21,83;24,6;24,6;24,6;24,6;-
24.06.2019;04:00;22,22;22,22;22,22;16,5;-;27,85;-;21,68;22,73;22,22;25,3;25,3;22,22;-
24.06.2019;05:00;25,97;25,97;25,97;20,66;-;26,03;-;25,97;26,05;25,97;27,8;27,8;25,97;-
24.06.2019;06:00;35,24;35,24;35,24;26,51;-;35,27;-;32,29;34,08;35,24;34,1;41,29;35,24;-
24.06.2019;07:00;47,95;47,95;47,95;30,73;-;48,18;-;35,13;37,06;54,5;44;50,05;47,95;-
24.06.2019;08:00;42,78;42,78;42,78;32,96;-;42,78;-;42,78;38,75;53,22;44,92;58,72;42,78;-
24.06.2019;09:00;36,24;36,24;36,24;36,24;-;36,24;-;36,24;36,3;53,22;39,76;58,98;36,24;-
24.06.2019;10:00;32,67;32,67;33,75;32,67;-;32,67;-;33,75;34,37;51,71;36;57,97;32,67;-
24.06.2019;11:00;32,74;33,47;33,47;32,74;-;32,74;-;33,47;33,94;52,2;34;58,18;32,74;-
24.06.2019;12:00;30,87;33,46;33,46;31,6;-;34,56;-;33,46;32,25;45,18;30,7;60,9;30,87;-
24.06.2019;13:00;29,9;33,03;33,03;30,9;-;34,13;-;33,03;31,67;45,08;30,33;59,91;30,05;-
24.06.2019;14:00;29,92;32,82;32,82;30,7;-;33,91;-;32,82;31,51;48,48;30;58,46;29,92;-
24.06.2019;15:00;31,41;32,22;32,22;31,58;-;33,28;-;32,22;31,76;50,48;30,49;59,3;31,47;-
24.06.2019;16:00;32,18;32,18;32,78;32,53;-;33,87;-;32,78;33,28;51,44;32,61;61,01;32,18;-
24.06.2019;17:00;35,95;35,34;35,34;35,95;-;35,95;-;35,34;36,48;50;37,99;59,98;35,95;-
24.06.2019;18:00;45,06;34,26;45,06;38,45;-;48,09;-;45,06;38,47;50,33;42,1;59,91;43,6;-
24.06.2019;19:00;56,78;33,83;56,78;39,45;-;57,4;-;55,42;39,04;54,36;46,83;63,95;54,36;-
24.06.2019;20:00;54,01;33,2;54,01;30,97;-;58,43;-;52,71;37,99;51,99;47;63,82;50,1;-
24.06.2019;21:00;40,92;32,33;40,92;25,49;-;44,47;-;39,94;36,14;52,12;42,47;60,99;40,92;-
24.06.2019;22:00;34,3;32,06;34,3;34,3;-;34,3;-;32,06;36,11;40,01;38;46;34,3;-
24.06.2019;23:00;29;28,82;28,82;29;-;29;-;28,82;30,87;29;32,72;34,72;29;-
25.06.2019;00:00;28,08;23,09;25,24;23,01;-;30,71;-;25,24;29,93;28,08;29,51;35,57;28,08;-
25.06.2019;01:00;25,6;24,78;24,78;25,6;-;25,6;-;24,78;28,39;25,6;27,9;27,9;25,6;-
25.06.2019;02:00;24,48;23,7;23,7;24,48;-;24,48;-;23,7;26,44;24,48;26,36;26,36;24,48;-
25.06.2019;03:00;23,65;23,65;23,65;15,63;-;25,69;-;23,09;26,05;23,65;25,7;25,7;23,65;-
25.06.2019;04:00;22,86;22,86;22,86;15,09;-;27;-;20,04;25,85;22,86;25,4;25,4;22,86;-
25.06.2019;05:00;27,29;27,29;27,29;23,94;-;29,09;-;27,29;27,91;27,29;28,47;28,47;27,29;-
25.06.2019;06:00;33,5;32,05;33,5;23,52;-;33,11;-;32,69;35,09;33,5;36,9;37,02;33,5;-
25.06.2019;07:00;43,91;35,44;43,91;38,31;-;43,91;-;42,86;38,43;43,91;49,37;53,23;43,91;-
25.06.2019;08:00;49,18;35,16;49,18;43,36;-;49,18;-;49,18;40,31;49,18;47;52,4;49,18;-
25.06.2019;09:00;40,96;35,43;40,96;40,96;-;40,96;-;39,98;40,11;46,14;42,44;55,48;40,96;-
25.06.2019;10:00;37,77;35,72;37,77;37,77;-;37,77;-;37,77;37,54;46,05;40,4;57,05;37,77;-
25.06.2019;11:00;36,45;35,59;36,45;36,45;-;36,45;-;36,45;36,99;44;39,9;58,22;36,45;-
25.06.2019;12:00;34,92;34,29;34,92;34,95;-;35,07;-;34,92;35,38;42,1;40,14;58,22;34,93;-
25.06.2019;13:00;33,8;33,8;33,8;34,06;-;34,92;-;33,8;34,94;44;58;58;33,93;-
25.06.2019;14:00;33,9;33,9;33,9;34,16;-;35,02;-;33,9;34,7;47,83;51,99;57,07;34,03;-
25.06.2019;15:00;34,91;33,79;34,91;34,91;-;34,91;-;34,91;35,44;48,98;37,87;59;34,91;-
25.06.2019;16:00;36,93;33,46;36,93;36,93;-;36,93;-;36,05;36,59;52,2;39,02;61,97;36,93;-
25.06.2019;17:00;49,22;36,78;49,22;37,01;-;55,88;-;48,04;39;52,2;43,96;63,97;49,22;-
25.06.2019;18:00;61,53;48,28;61,53;40,92;-;71,5;-;60,05;38,96;56,06;55,2;65,9;56,06;-
25.06.2019;19:00;74,8;56,33;74,8;44,91;-;83,62;-;72,12;38,94;68,65;69,5;71,78;68,65;-
25.06.2019;20:00;73,09;68,87;68,87;38,2;-;80;-;60,44;37,41;67,09;68;70,28;67,09;-
25.06.2019;21:00;61,92;60,43;60,43;37,5;-;66,74;-;60,43;37,55;57,89;55,6;64,06;57,89;-
25.06.2019;22:00;46,27;31,64;31,64;45,83;-;46,5;-;31,64;38,92;49,59;43,66;52,81;46,16;-
25.06.2019;23:00;37,4;30,32;30,32;37,4;-;37,4;-;30,32;35,98;37,4;36,82;40,34;37,4;-
26.06.2019;00:00;37,34;31,49;31,49;31,18;-;39,95;-;25,06;32,61;35,94;36,12;36,12;35,94;-
26.06.2019;01:00;33,37;31,59;31,59;32,25;-;33,96;-;25,09;31,71;33,1;34;34;33,1;-
26.06.2019;02:00;33,31;31,43;31,43;24,43;-;34,8;-;24,98;30,25;33,31;32,1;32,1;33,31;-
26.06.2019;03:00;31,3;31,3;31,3;17,26;-;35,81;-;24,83;29,86;31,3;30,5;30,5;31,3;-
26.06.2019;04:00;31,08;30,52;30,52;14,29;-;34,36;-;23,86;29,7;31,08;30,8;30,8;31,08;-
26.06.2019;05:00;30,87;30,87;30,87;19,59;-;34,3;-;28,26;30,86;30,87;32,31;32,31;30,87;-
26.06.2019;06:00;44,45;44,45;44,45;28,65;-;43,88;-;43,38;33,58;42,88;46,03;46,03;42,88;-
26.06.2019;07:00;59,82;59,82;59,82;28,87;-;60,08;-;59,82;36,34;56,1;61,8;61,8;56,1;-
26.06.2019;08:00;60,08;60,08;60,08;35,98;-;59,44;-;60,08;39,12;69,66;60,8;60,8;60,08;-
26.06.2019;09:00;48,44;48,44;48,44;37,13;-;51,83;-;48,44;39,28;48,44;48,76;54,53;48,44;-
26.06.2019;10:00;38,09;35,17;38,09;37,14;-;38,65;-;38,09;38,49;56,76;39,1;53,33;38,09;-
26.06.2019;11:00;36,7;34,5;36,7;36,7;-;36,7;-;36,7;36,8;57,19;36;55,84;36,7;-
26.06.2019;12:00;35,08;33,95;35,08;35,08;-;35,08;-;35,08;33,46;54,25;36,87;56,04;35,08;-
26.06.2019;13:00;33,09;33,09;33,09;33,09;-;33,09;-;33,09;31,92;54,9;40,8;52,64;33,09;-
26.06.2019;14:00;31,88;31,88;31,88;31,88;-;31,88;-;31,88;30,87;60,49;40,8;59,26;31,88;-
26.06.2019;15:00;30,89;30,89;30,89;30,89;-;30,89;-;30,89;30,54;59;43,63;60,7;30,89;-
26.06.2019;16:00;31,47;30,71;30,71;31,47;-;31,47;-;30,71;31,34;63,33;40,8;63,3;31,47;-
26.06.2019;17:00;34,27;31,66;33,45;28,79;-;34,27;-;33,45;33,81;65,21;40,8;64,05;34,27;-
26.06.2019;18:00;38,98;31,12;35,16;32,16;-;38,98;-;35,16;37,5;62,78;40,8;64,01;38,98;-
26.06.2019;19:00;49,92;30,73;30,73;32,7;-;49,92;-;30,73;38,9;72,09;45,39;70,27;49,92;-
26.06.2019;20:00;48,88;30,04;30,04;28,66;-;50,1;-;30,04;36,82;72,09;44,09;71,13;48,88;-
26.06.2019;21:00;38,97;29,36;29,36;21,79;-;42,95;-;29,36;34,5;71,91;40;68,01;38,97;-
26.06.2019;22:00;36,7;27,82;27,82;30,15;-;36,7;-;27,82;36,05;57,13;36,98;77,93;36,7;-
26.06.2019;23:00;30,57;15,84;15,84;23,75;-;30,45;-;15,84;30,59;51,04;30,54;50,05;30,57;-
27.06.2019;00:00;28;23,24;23,24;28;-;28;-;23,24;29,01;49,3;31,3;47,06;28;-
27.06.2019;01:00;26,53;23,86;23,86;22,59;-;27;-;23,86;27,47;57,69;29,07;37,71;26,53;-
27.06.2019;02:00;25,03;22,46;22,46;19,82;-;27,31;-;22,46;26,07;30,08;27,5;29,45;25,03;-
27.06.2019;03:00;26,03;21,32;21,32;17,23;-;28,22;-;21,32;25,61;30,04;26,24;27,33;26,03;-
27.06.2019;04:00;27,06;16,47;16,47;14,64;-;29,42;-;16,47;25,11;30,02;26,8;27,33;27,06;-
27.06.2019;05:00;30,03;23,37;23,37;22,81;-;29,78;-;23,37;26,99;30,55;29;33,28;30,03;-
27.06.2019;06:00;35,72;28,62;28,62;23,23;-;35,06;-;28,62;32,24;70,69;35,5;55,08;35,72;-
27.06.2019;07:00;43,29;30,16;42,25;35,03;-;43,29;-;42,25;37,13;58;44,6;66,97;43,29;-
27.06.2019;08:00;42,1;30,54;42,1;42,1;-;42,1;-;41,09;39,01;71,08;46;70,97;42,1;-
27.06.2019;09:00;36,5;31,04;36,5;36,5;-;36,5;-;36,5;37,58;71,91;61;71,08;36,5;-
27.06.2019;10:00;34,56;31,64;34,56;34,56;-;34,56;-;34,56;35,04;71,91;37,6;66,73;34,56;-
27.06.2019;11:00;34,47;31,81;34,47;34,47;-;34,47;-;34,47;34,17;65,08;37,1;69,08;34,47;-
27.06.2019;12:00;31,97;31,03;31,97;31,97;-;31,97;-;31,97;31,56;62,08;69;70,8;31,97;-
27.06.2019;13:00;30,93;30,93;30,93;31,5;-;31,95;-;30,93;30,81;62,08;71,44;71,44;31,25;-
27.06.2019;14:00;30,91;30,91;30,91;30,91;-;30,91;-;30,91;30,3;71,91;55,97;75,72;30,91;-
27.06.2019;15:00;31,31;30,31;31,31;31,31;-;31,31;-;30,56;30,21;67,08;40,99;75,1;31,31;-
27.06.2019;16:00;31,94;30,47;31,94;31,94;-;31,94;-;31,17;31,68;72,09;45,99;75,26;31,94;-
27.06.2019;17:00;35,98;31,07;35,98;35,98;-;35,98;-;35,11;35,95;72,39;39,51;73,23;35,98;-
27.06.2019;18:00;41,9;31,21;41,9;41,9;-;41,9;-;40,9;38,94;62,3;44,54;68,5;41,9;-
27.06.2019;19:00;54,11;31,37;54,11;44,43;-;54,11;-;52,81;39,88;57,01;55,96;73,16;53,01;-
27.06.2019;20:00;52,23;30,95;52,23;38,53;-;52,23;-;50,98;37,41;60,07;52,99;72,6;50,68;-
27.06.2019;21:00;44,02;30,67;44,02;28,01;-;44,02;-;42,96;37,63;55,55;45;68,09;42,23;-
27.06.2019;22:00;41,17;32,2;32,2;39,39;-;41,17;-;30,03;39,03;71,91;41,37;63,51;40,95;-
27.06.2019;23:00;35,58;30,27;30,27;33,06;-;35,58;-;28,38;34,44;45,07;36,99;46,12;35,58;-
28.06.2019;00:00;31,44;26,04;26,04;27,43;-;31,33;-;26,04;31,98;31,44;34,4;34,4;31,44;-
28.06.2019;01:00;31,68;30,25;30,25;23,58;-;31,46;-;26,08;31,02;31,1;32,56;32,56;31,1;-
28.06.2019;02:00;32,97;30,05;30,05;23,18;-;32,71;-;25,96;29,71;31,19;31,87;31,87;31,19;-
28.06.2019;03:00;33,89;29,86;29,86;16,85;-;33,38;-;26,06;29,7;31,03;31,85;31,85;31,03;-
28.06.2019;04:00;32,8;28,66;28,66;18,56;-;32,38;-;25,37;29,72;30,3;31,62;31,62;30,3;-
28.06.2019;05:00;32,85;29,4;29,4;23,94;-;32,58;-;29,4;30,8;31,23;33,92;33,92;31,23;-
28.06.2019;06:00;49,41;47,08;48,22;28,21;-;44,4;-;48,22;36,13;45,9;44,49;44,49;45,9;-
28.06.2019;07:00;61,98;61,98;61,98;37,3;-;57,51;-;60,49;36,73;58,59;58;58;58,59;-
28.06.2019;08:00;61,66;61,66;61,66;41,92;-;60,2;-;60,18;39,65;59,6;59,06;65,43;59,6;-
28.06.2019;09:00;49,28;49,28;49,28;43,06;-;48,82;-;49,28;39,01;62;52,6;69;49,28;-
28.06.2019;10:00;43,99;43,99;43,99;43,99;-;43,99;-;43,99;38,78;68;43,06;69,89;43,99;-
28.06.2019;11:00;39,53;39,53;39,53;39,53;-;39,53;-;39,53;37,05;57,49;41;66,33;39,53;-
28.06.2019;12:00;36,75;36,75;36,75;36,75;-;36,75;-;36,75;34,76;54,42;41,01;65,97;36,75;-
28.06.2019;13:00;34,33;34,33;34,33;34,33;-;34,33;-;34,33;33,38;53,42;41;62,05;34,33;-
28.06.2019;14:00;33,89;33,89;33,89;33,89;-;33,89;-;33,08;32,63;34,92;36,01;62,47;33,89;-
28.06.2019;15:00;33,91;33,1;33,1;33,91;-;33,91;-;33,1;32,57;33,91;41;58,63;33,91;-
28.06.2019;16:00;34,4;34,4;34,4;34,4;-;34,4;-;33,57;34,17;34,4;41;58;34,4;-
28.06.2019;17:00;39,04;39,04;39,04;39,04;-;39,04;-;38,11;37,95;39,04;43,41;56,74;39,04;-
28.06.2019;18:00;54,13;54,13;54,13;44,22;-;53,64;-;52,83;39,16;53,03;51,05;53,51;53,03;-
28.06.2019;19:00;66,53;66,53;66,53;43,53;-;65,63;-;64,93;38,99;64,04;60;60,7;64,04;-
28.06.2019;20:00;66,06;66,06;66,06;42,28;-;65;-;63,44;37,75;63,51;62,1;62,1;63,51;-
28.06.2019;21:00;54,73;54,73;54,73;42,97;-;54,25;-;29,79;36,73;53,42;53,6;55,1;53,42;-
28.06.2019;22:00;48,54;48,54;48,54;48,54;-;48,54;-;28,69;39,85;48,54;47,5;48,01;48,54;-
28.06.2019;23:00;39,05;39,05;39,05;39,05;-;39,05;-;25,38;37,69;39,05;39,75;39,75;39,05;-
29.06.2019;00:00;35,24;34,11;34,11;35,24;-;35,24;-;24,14;34,12;35,24;36,2;36,2;35,24;-
29.06.2019;01:00;31,63;30,63;30,63;30,12;-;31,64;-;22,23;31,02;31,63;32,03;32,03;31,63;-
29.06.2019;02:00;29,88;29,29;29,29;22,7;-;30,26;-;21,94;30,02;29,88;30,11;30,11;29,88;-
29.06.2019;03:00;29,13;28,72;28,72;26,76;-;29,15;-;18,61;29,18;29,13;29,9;29,9;29,13;-
29.06.2019;04:00;29,52;28,63;28,63;23,19;-;29,58;-;13,54;28,6;28,54;29,22;29,22;28,54;-
29.06.2019;05:00;28,76;27,87;27,87;23,52;-;28,79;-;15,04;28,12;28,76;28,76;28,76;28,76;-
29.06.2019;06:00;30,06;29,19;29,19;22,51;-;30,16;-;22,98;29,12;30,06;29,99;29,99;30,06;-
29.06.2019;07:00;31,48;30,44;30,44;27,07;-;31,48;-;24,93;30,35;31,48;33,5;33,5;31,48;-
29.06.2019;08:00;30,15;29,15;29,15;26,63;-;30,11;-;25,43;31,67;30,15;34,55;34,55;30,15;-
29.06.2019;09:00;30,15;30,15;30,15;30,15;-;30,15;-;26,92;30,67;30,15;33,21;33,55;30,15;-
29.06.2019;10:00;28,07;28,07;28,07;28,07;-;28,07;-;27,4;29,83;28,07;30,17;32,47;28,07;-
29.06.2019;11:00;28,01;28,01;28,01;28,01;-;28,01;-;27,34;29,12;35,2;29,29;33,52;28,01;-
29.06.2019;12:00;28,01;28,01;28,01;28,01;-;28,01;-;27,34;28,49;41,07;27,92;34,86;28,01;-
29.06.2019;13:00;25,82;25,82;25,82;25,82;-;25,82;-;25,2;27,58;37,91;26,45;32,34;25,82;-
29.06.2019;14:00;25,06;25,06;25,06;25,06;-;25,06;-;24,46;27,17;35,2;26,2;29,74;25,06;-
29.06.2019;15:00;25,19;25,19;25,19;25,19;-;25,19;-;24,59;28,23;25,19;26,5;29,43;25,19;-
29.06.2019;16:00;26,39;26,39;26,39;26,39;-;26,39;-;25,76;30,14;26,39;27,8;31,13;26,39;-
29.06.2019;17:00;30,18;30,18;30,18;30,18;-;30,18;-;29,45;33,36;35,2;33,2;36;30,18;-
29.06.2019;18:00;40;40;40;35,17;-;40;-;35,02;37,58;39,46;41,72;41,72;39,46;-
29.06.2019;19:00;52,46;52,46;52,46;36,03;-;52,46;-;25,64;38,65;50,82;50,32;50,32;50,82;-
29.06.2019;20:00;56,23;56,23;56,23;33,96;-;56,23;-;25,16;38,26;54,06;49,5;52,52;54,06;-
29.06.2019;21:00;49,95;49,95;49,95;34,63;-;49,89;-;25,02;37,56;54;46,61;50,55;48,32;-
29.06.2019;22:00;41,03;41,03;41,03;40,35;-;41,03;-;23,63;39,01;40,94;42,58;42,58;40,94;-
29.06.2019;23:00;35,61;35,61;35,61;35,61;-;35,61;-;22,24;35,67;35,61;35,02;35,02;35,61;-
30.06.2019;00:00;30,41;30,41;30,41;30,41;-;30,41;-;24,05;27,16;30,41;31;31;30,41;-
30.06.2019;01:00;26,9;26,9;26,9;26,9;-;26,9;-;23,74;24,58;26,9;25,5;25,5;26,9;-
30.06.2019;02:00;21,55;21,55;21,55;17,3;-;27,39;-;21,04;18,94;21,55;21,3;21,3;21,55;-
30.06.2019;03:00;17,13;17,13;17,13;11,46;-;24,78;-;17,13;14,22;17,13;18,98;18,98;17,13;-
30.06.2019;04:00;14,92;14,92;14,92;11,64;-;19,6;-;14,92;11,07;14,92;14,91;14,91;14,92;-
30.06.2019;05:00;10,16;10,16;10,16;10,16;-;10,16;-;10,16;9,58;10,16;10,09;10,09;10,16;-
30.06.2019;06:00;12,26;12,68;12,68;10,12;-;12,27;-;12,68;8,14;12,26;10,25;11,35;12,26;-
30.06.2019;07:00;13,38;15,03;15,03;12,58;-;14,55;-;15,03;5,8;28,6;7,14;19,95;13,38;-
30.06.2019;08:00;19,65;21,35;21,35;19,65;-;20,67;-;21,35;6,62;30;8,38;25,51;19,74;-
30.06.2019;09:00;17,24;22,23;22,23;17,24;-;17,24;-;22,23;5,83;37,18;6;30,43;17,24;-
30.06.2019;10:00;11,78;23,13;23,13;12,86;-;17,4;-;23,13;0,47;38,2;0,73;36,39;12,22;-
30.06.2019;11:00;9,06;23,63;23,63;11,18;-;20,1;-;23,63;-2,19;38,59;-2;34,49;9,92;-
30.06.2019;12:00;0,06;13,3;24,23;6,36;-;33,05;-;24,23;-15,85;38,32;-2;36,51;2,61;-
30.06.2019;13:00;-29,29;0,12;23,58;8,18;-;24,36;-;23,58;-39,45;36,94;-23;30,17;-18,48;-
30.06.2019;14:00;-39,97;0,07;21,03;0,96;-;21,72;-;21,03;-38,31;37,77;-23;27,76;-28;-
30.06.2019;15:00;-12,51;-11,03;0,04;-5,12;-;25,84;-;4,84;-28,81;38,57;-15;33,79;-9,56;-
30.06.2019;16:00;0,02;0,02;0,02;4,36;-;22,5;-;2,25;-12,15;41;-5;38,01;1,75;-
30.06.2019;17:00;20,05;20,05;20,05;20,05;-;20,05;-;20,05;1,68;47,15;8;41,58;20,05;-
30.06.2019;18:00;28,83;28,83;28,83;28,83;-;28,83;-;25,51;20,07;48,17;29,7;45,25;28,83;-
30.06.2019;19:00;36,63;27,26;27,26;36,63;-;36,63;-;24,21;27,22;49;38;51,11;36,63;-
30.06.2019;20:00;37,94;27,46;27,46;37,94;-;37,94;-;23,77;29,14;55;41;56,22;37,94;-
30.06.2019;21:00;37,07;27,94;27,94;37,07;-;37,07;-;22,49;29,1;60;38,9;56,9;37,07;-
30.06.2019;22:00;43,19;27,98;27,98;43,19;-;43,19;-;19,2;31,03;55;39,98;50,47;43,19;-
30.06.2019;23:00;36,72;27,75;27,75;36,72;-;36,72;-;4,33;27,99;46;34,58;37,44;36,72;-
01.07.2019;00:00;28,98;27,49;27,49;28,98;-;28,98;-;20,71;26,97;55;28,91;39,49;28,98;-
01.07.2019;01:00;26,23;25,39;25,39;26,23;-;26,23;-;19,82;25,71;47,8;27,37;27,91;26,23;-
01.07.2019;02:00;25,04;24,22;24,22;24,26;-;25,02;-;19,84;24,27;42,07;26,03;26,03;25,04;-
01.07.2019;03:00;24,94;24,07;24,07;21,42;-;24,87;-;20,56;23,91;41,96;26,05;26,05;24,94;-
01.07.2019;04:00;26,04;25,07;25,07;19,61;-;25,9;-;21,09;23,21;41,96;26;26;26,04;-
01.07.2019;05:00;27,14;26,03;26,03;16,27;-;26,89;-;24,07;24,49;42,76;29,22;29,22;27,14;-
01.07.2019;06:00;41,93;27,7;27,7;23,8;-;38,3;-;27,7;32,51;55,38;40;49,4;40,92;-
01.07.2019;07:00;53,1;29,67;29,67;37,3;-;51,55;-;29,67;36,91;95;50;71,84;53,1;-
01.07.2019;08:00;52,85;31,97;31,97;39,66;-;52,34;-;31,97;38,22;91,02;49,3;75,97;52,85;-
01.07.2019;09:00;41,13;32;32;41,13;-;41,13;-;32;37,75;91,01;40;75,94;41,13;-
01.07.2019;10:00;37,57;31,15;31,15;37,57;-;37,57;-;31,15;34,71;64,53;34,12;73,27;37,57;-
01.07.2019;11:00;32,85;29,91;29,91;32,85;-;32,85;-;29,91;32,91;62,6;34,8;73,7;32,85;-
01.07.2019;12:00;29,46;28,52;28,52;29,46;-;29,46;-;28,52;29,92;56,27;67,4;73,07;29,46;-
01.07.2019;13:00;27,39;27,39;27,39;27,42;-;27,41;-;27,39;28,56;55,98;70,08;70,08;28,02;-
01.07.2019;14:00;27,25;27,25;27,25;27,29;-;27,28;-;27,25;27,68;60,61;68,7;68,7;28,01;-
01.07.2019;15:00;27;27;27;27;-;27;-;27;26,48;73,12;66,46;66,46;27;-
01.07.2019;16:00;26,72;26,72;26,72;27,03;-;27,6;-;26,72;26,27;84,63;79,96;79,96;26,82;-
01.07.2019;17:00;27,5;27,5;27,5;27,68;-;28,41;-;27,5;28,59;79,52;83,2;83,2;27,5;-
01.07.2019;18:00;31,03;28,04;28,04;31,03;-;31,03;-;28,04;32,59;72,1;80,84;80,84;31,03;-
01.07.2019;19:00;36,49;27,89;27,89;36,49;-;36,49;-;27,89;36,42;72,1;57,6;76,3;36,49;-
01.07.2019;20:00;36,32;27,67;27,67;36,32;-;36,32;-;27,67;36,53;72,1;55,2;67,23;36,32;-
01.07.2019;21:00;34,93;27,29;27,29;34,93;-;34,93;-;27,29;32,09;71,62;41,1;63,64;34,93;-
01.07.2019;22:00;37,24;27,15;27,15;37,46;-;38,9;-;27,15;33,62;59,98;37,17;60,48;37,24;-
01.07.2019;23:00;31,97;26,08;26,08;31,97;-;31,97;-;26,08;28,91;54,37;31,1;41,6;31,97;-
02.07.2019;00:00;28,9;24,99;24,99;28,9;-;28,9;-;24,99;28,11;35,89;30,2;48,42;28,9;-
02.07.2019;01:00;26,97;24,09;24,09;26,97;-;26,97;-;24,09;26,73;35;28,08;39,49;26,97;-
02.07.2019;02:00;25,48;22,73;22,73;25,48;-;25,48;-;22,73;25,12;26,39;26,31;31,04;25,48;-
02.07.2019;03:00;24,75;21,53;21,53;24,75;-;24,75;-;21,53;23,93;24,75;25,36;29,86;24,75;-
02.07.2019;04:00;24,91;20,57;20,57;24,91;-;24,91;-;20,57;23,83;24,91;25,36;28,59;24,91;-
02.07.2019;05:00;26,99;21,36;21,36;26,99;-;26,99;-;21,36;25,59;39;27,5;34,65;26,99;-
02.07.2019;06:00;31;24,29;24,29;31;-;31;-;24,29;32,64;60,88;32,78;62,37;31;-
02.07.2019;07:00;36,12;26,86;26,86;36,12;-;36,12;-;26,86;37,12;65;51,33;70,07;36,12;-
02.07.2019;08:00;36,1;27,49;27,49;36,1;-;36,1;-;27,49;38,36;71,79;56,65;72,98;36,1;-
02.07.2019;09:00;33,33;28,48;28,48;37,11;-;39,94;-;28,48;35,77;72,1;66;73,7;35,06;-
02.07.2019;10:00;32,75;28,82;28,82;37,73;-;41,5;-;28,82;33,99;70,95;57;72,42;34,94;-
02.07.2019;11:00;31,8;29,79;29,79;37,85;-;41,48;-;29,79;32,64;69,95;57;72,46;34,51;-
02.07.2019;12:00;29,59;28,11;28,11;37,27;-;40,98;-;28,11;30,3;58;66;74,85;33,39;-
02.07.2019;13:00;29,55;28,84;28,84;36,64;-;40,1;-;28,84;29,49;58;55,12;73,7;33,03;-
02.07.2019;14:00;29,52;28,82;28,82;35,27;-;38,26;-;28,82;29,68;61,61;49,5;73,09;32,33;-
02.07.2019;15:00;29,6;28,89;28,89;31,57;-;33;-;28,89;29,6;68,02;50;76,61;30,52;-
02.07.2019;16:00;29,96;29;29;29,96;-;29,96;-;29;30,49;73,18;57,7;83,66;29,96;-
02.07.2019;17:00;33,05;30,22;30,22;33,05;-;33,05;-;30,22;33,21;72,1;58;82,43;33,05;-
02.07.2019;18:00;38,02;29,16;29,16;38,02;-;38,02;-;29,16;37,18;72,1;46,2;80,59;38,02;-
02.07.2019;19:00;44;30,96;30,96;44;-;44;-;30,96;38,84;72,1;49,25;80,65;44;-
02.07.2019;20:00;50,96;30,95;30,95;39,21;-;52,42;-;30,95;38,04;71,79;49,5;81,56;50,96;-
02.07.2019;21:00;47,9;30,43;30,43;37,66;-;47,65;-;30,43;35,98;71,62;45,02;77,91;46,16;-
02.07.2019;22:00;42,14;29,98;29,98;41,07;-;42,14;-;29,98;37,52;60;41,97;69,17;41,97;-
02.07.2019;23:00;37,05;27,61;27,61;37,05;-;37,05;-;27,61;33,35;55;36,3;56,05;37,05;-
