Datum;Uhrzeit;Physikalischer Nettoexport[MWh];Niederlande (Export)[MWh];Niederlande (Import)[MWh];Schweiz (Export)[MWh];Schweiz (Import)[MWh];Dänemark (Export)[MWh];Dänemark (Import)[MWh];Tschechien (Export)[MWh];Tschechien (Import)[MWh];Luxemburg (Export)[MWh];Luxemburg (Import)[MWh];Schweden (Export)[MWh];Schweden (Import)[MWh];Österreich (Export)[MWh];Österreich (Import)[MWh];Frankreich (Export)[MWh];Frankreich (Import)[MWh];Polen (Export)[MWh];Polen (Import)[MWh]
03.06.2019;00:00;1.219;2.189;-0;363;-4;104;-586;211;-742;396;-0;0;-140;472;-638;0;-1.440;1.034;-0
03.06.2019;01:00;724;1.463;-0;657;-0;437;-585;109;-723;365;-0;0;-148;617;-436;0;-1.911;879;-0
03.06.2019;02:00;-692;793;-0;641;-0;88;-603;58;-719;337;-0;0;-6;694;-466;0;-2.369;860;-0
03.06.2019;03:00;-2.125;381;-0;499;-0;125;-596;0;-945;337;-0;2;-0;588;-505;0;-2.618;607;-0
03.06.2019;04:00;-2.764;193;-7;503;-2;25;-652;0;-888;352;-0;0;-168;482;-467;0;-2.757;622;-0
03.06.2019;05:00;-3.330;172;-200;723;-58;15;-731;1;-1.162;391;-0;0;-231;566;-641;0;-2.902;727;-0
03.06.2019;06:00;-5.490;1;-1.699;147;-46;0;-1.254;80;-992;458;-0;0;-16;210;-582;0;-2.982;1.185;-0
03.06.2019;07:00;-5.410;0;-1.856;0;-591;0;-793;97;-794;526;-0;2;-0;277;-333;0;-3.146;1.201;-0
03.06.2019;08:00;-3.504;0;-1.051;26;-616;172;-519;12;-581;562;-0;2;-0;367;-273;0;-2.745;1.140;-0
03.06.2019;09:00;-1.427;141;-624;101;-474;148;-304;121;-378;575;-0;3;-0;454;-42;0;-2.153;1.005;-0
03.06.2019;10:00;935;140;-795;468;-0;370;-31;264;-261;588;-0;3;-0;1.022;-8;0;-1.878;1.053;-0
03.06.2019;11:00;3.009;297;-636;1.117;-0;340;-2;505;-115;601;-0;3;-0;1.440;-0;0;-1.634;1.093;-0
03.06.2019;12:00;4.528;619;-579;1.058;-0;540;-0;717;-6;572;-0;2;-0;1.603;-0;38;-1.155;1.119;-0
03.06.2019;13:00;4.058;674;-587;850;-0;647;-0;652;-0;558;-0;3;-0;1.422;-0;0;-1.211;1.050;-0
03.06.2019;14:00;3.856;128;-636;1.058;-0;984;-0;710;-0;560;-0;3;-0;1.925;-0;0;-1.981;1.105;-0
03.06.2019;15:00;1.626;0;-1.156;939;-0;393;-26;725;-0;571;-0;3;-0;1.993;-0;0;-2.944;1.128;-0
03.06.2019;16:00;-176;0;-1.649;622;-0;85;-40;729;-0;567;-0;3;-0;1.669;-0;0;-3.351;1.189;-0
03.06.2019;17:00;-3.423;0;-1.615;0;-624;31;-146;324;-78;560;-0;3;-0;511;-114;0;-3.446;1.171;-0
03.06.2019;18:00;-5.549;0;-1.852;0;-1.446;1;-733;312;-120;573;-0;3;-0;451;-373;0;-3.453;1.088;-0
03.06.2019;19:00;-6.068;13;-929;0;-1.841;0;-1.464;322;-215;573;-0;0;-173;255;-626;0;-3.204;1.221;-0
03.06.2019;20:00;-7.244;22;-1.215;0;-1.865;0;-1.652;314;-244;550;-0;0;-304;178;-730;0;-3.550;1.252;-0
03.06.2019;21:00;-7.339;0;-1.381;0;-1.702;0;-1.347;131;-355;537;-0;0;-288;287;-914;0;-3.556;1.249;-0
03.06.2019;22:00;-6.925;323;-1.165;0;-1.830;0;-1.364;1;-505;522;-0;0;-0;162;-973;0;-3.256;1.160;-0
03.06.2019;23:00;-5.420;551;-1.139;0;-1.034;0;-1.191;0;-699;488;-0;0;-0;47;-649;0;-2.767;973;-0
04.06.2019;00:00;-6.066;32;-1.266;54;-58;0;-802;0;-1.080;453;-0;0;-446;274;-516;0;-3.331;620;-0
04.06.2019;01:00;-8.783;0;-2.400;0;-292;0;-660;0;-1.358;434;-0;0;-446;220;-654;0;-4.035;408;-0
04.06.2019;02:00;-8.464;0;-2.376;0;-198;0;-413;0;-1.324;428;-0;0;-446;246;-591;0;-4.170;380;-0
04.06.2019;03:00;-8.526;0;-2.384;0;-373;134;-219;0;-1.399;425;-0;0;-446;248;-610;0;-4.293;391;-0
04.06.2019;04:00;-8.545;0;-2.140;0;-397;1;-477;0;-1.254;429;-0;0;-446;209;-697;0;-4.221;448;-0
04.06.2019;05:00;-7.794;0;-2.481;1;-279;0;-423;0;-886;449;-0;0;-446;163;-557;0;-4.070;735;-0
04.06.2019;06:00;-8.785;0;-3.390;0;-1.315;1;-572;0;-584;481;-0;0;-58;305;-695;0;-4.071;1.113;-0
04.06.2019;07:00;-7.900;0;-2.936;0;-2.039;369;-5;0;-537;533;-0;3;-0;317;-992;0;-3.731;1.118;-0
04.06.2019;08:00;-6.304;0;-2.371;0;-1.676;672;-0;0;-360;561;-0;3;-0;244;-814;0;-3.632;1.069;-0
04.06.2019;09:00;-3.556;0;-1.217;0;-1.344;685;-17;13;-166;565;-0;3;-0;390;-168;0;-3.439;1.139;-0
04.06.2019;10:00;-1.203;0;-1.350;0;-333;1.004;-0;91;-111;590;-0;101;-0;1.016;-4;0;-3.373;1.166;-0
04.06.2019;11:00;875;0;-1.103;194;-0;1.197;-0;382;-0;590;-0;81;-0;1.524;-0;0;-3.025;1.035;-0
04.06.2019;12:00;1.775;303;-806;75;-19;1.275;-0;582;-0;581;-0;6;-0;1.449;-0;0;-2.854;1.183;-0
04.06.2019;13:00;2.585;650;-460;248;-0;1.264;-0;661;-0;564;-0;3;-0;1.575;-0;0;-3.011;1.091;-0
04.06.2019;14:00;2.843;480;-293;526;-0;1.293;-0;649;-0;543;-0;3;-0;1.731;-0;0;-3.184;1.095;-0
04.06.2019;15:00;2.335;122;-556;705;-0;1.424;-0;786;-0;522;-0;3;-0;1.661;-0;0;-3.461;1.129;-0
04.06.2019;16:00;1.338;163;-495;504;-2;820;-0;802;-0;527;-0;3;-0;1.428;-0;0;-3.628;1.216;-0
04.06.2019;17:00;306;265;-274;15;-140;400;-0;696;-0;543;-0;2;-0;1.017;-38;0;-3.516;1.336;-0
04.06.2019;18:00;-1.908;87;-160;0;-897;138;-21;467;-6;551;-0;2;-0;565;-183;0;-3.627;1.176;-0
04.06.2019;19:00;-2.444;239;-19;0;-1.219;64;-342;610;-53;551;-0;2;-0;381;-320;0;-3.684;1.346;-0
04.06.2019;20:00;-1.577;665;-0;0;-858;37;-769;872;-39;525;-0;2;-0;501;-192;0;-3.650;1.329;-0
04.06.2019;21:00;1.273;1.223;-0;473;-222;109;-283;1.042;-74;504;-0;2;-0;707;-91;0;-3.494;1.377;-0
04.06.2019;22:00;3.713;2.200;-0;770;-65;124;-247;867;-186;452;-0;2;-0;1.017;-53;0;-2.645;1.477;-0
04.06.2019;23:00;4.862;2.094;-0;1.521;-0;224;-577;798;-306;422;-0;0;-106;1.271;-63;0;-1.991;1.575;-0
05.06.2019;00:00;2.940;1.045;-485;1.450;-0;53;-665;1.059;-221;424;-0;0;-3;1.269;-54;0;-2.562;1.630;-0
05.06.2019;01:00;1.960;594;-623;1.465;-0;437;-570;547;-285;430;-0;0;-383;1.374;-129;0;-2.444;1.547;-0
05.06.2019;02:00;-366;660;-1.137;1.411;-0;250;-585;301;-412;423;-0;0;-445;1.100;-230;0;-3.040;1.338;-0
05.06.2019;03:00;-2.492;641;-1.754;1.061;-0;248;-585;203;-456;428;-0;0;-446;851;-270;0;-3.700;1.287;-0
05.06.2019;04:00;-4.174;486;-1.931;657;-109;203;-587;92;-491;424;-0;0;-446;590;-411;0;-3.875;1.224;-0
05.06.2019;05:00;-3.852;445;-1.971;643;-51;179;-590;173;-476;452;-0;0;-447;658;-230;0;-3.885;1.248;-0
05.06.2019;06:00;-4.988;41;-2.286;184;-295;10;-939;671;-176;495;-0;0;-446;550;-83;0;-3.922;1.208;-0
05.06.2019;07:00;-5.200;0;-1.697;0;-1.296;0;-1.321;781;-138;560;-0;0;-118;719;-219;0;-3.769;1.298;-0
05.06.2019;08:00;-4.660;0;-1.304;0;-1.415;0;-1.260;925;-20;606;-0;1;-0;632;-315;0;-3.624;1.114;-0
05.06.2019;09:00;-2.101;0;-601;0;-1.245;0;-1.052;1.009;-0;611;-0;3;-0;994;-152;0;-2.815;1.147;-0
05.06.2019;10:00;-1.338;0;-425;0;-1.159;0;-1.074;1.170;-0;598;-0;0;-92;1.306;-20;0;-2.669;1.027;-0
05.06.2019;11:00;-377;0;-599;0;-766;0;-1.006;1.294;-0;611;-0;0;-98;1.481;-0;0;-2.425;1.131;-0
05.06.2019;12:00;20;0;-442;1;-819;0;-990;1.378;-0;597;-0;0;-1;1.302;-0;0;-2.144;1.138;-0
05.06.2019;13:00;646;259;-316;30;-670;0;-825;1.284;-0;584;-0;3;-0;1.288;-0;0;-2.065;1.074;-0
05.06.2019;14:00;-119;82;-433;21;-574;0;-771;1.020;-0;572;-0;3;-0;986;-0;0;-2.198;1.173;-0
05.06.2019;15:00;-590;21;-592;14;-687;2;-536;974;-0;568;-0;3;-0;1.115;-23;0;-2.602;1.153;-0
05.06.2019;16:00;-2.312;0;-847;0;-993;5;-792;912;-17;578;-0;3;-0;939;-26;0;-3.314;1.240;-0
05.06.2019;17:00;-3.828;8;-514;0;-1.680;36;-670;453;-54;588;-0;3;-0;722;-159;0;-3.722;1.161;-0
05.06.2019;18:00;-5.462;109;-1.095;0;-1.827;6;-539;258;-205;595;-0;3;-0;462;-658;0;-3.646;1.075;-0
05.06.2019;19:00;-6.474;0;-1.206;0;-1.932;0;-921;293;-287;598;-0;3;-0;557;-890;0;-3.807;1.118;-0
05.06.2019;20:00;-6.271;302;-1.118;0;-1.789;0;-1.164;381;-138;571;-0;0;-162;472;-792;0;-3.868;1.034;-0
05.06.2019;21:00;-4.261;481;-949;0;-1.184;0;-878;875;-99;541;-0;0;-421;453;-303;0;-3.950;1.173;-0
05.06.2019;22:00;-2.577;719;-569;227;-217;0;-1.413;791;-263;485;-0;0;-446;569;-242;0;-3.538;1.320;-0
05.06.2019;23:00;162;1.282;-0;772;-155;3;-1.144;711;-403;425;-0;0;-446;640;-343;0;-2.719;1.539;-0
06.06.2019;00:00;270;1.437;-111;834;-124;53;-933;538;-459;434;-0;0;-446;786;-353;0;-2.852;1.466;-0
06.06.2019;01:00;346;1.559;-51;974;-63;78;-821;354;-498;403;-0;0;-446;930;-401;0;-2.901;1.229;-0
06.06.2019;02:00;978;1.530;-0;1.294;-0;91;-747;251;-598;405;-0;0;-446;1.135;-442;0;-2.597;1.102;-0
06.06.2019;03:00;334;1.321;-120;1.124;-9;539;-586;188;-619;349;-0;0;-446;1.096;-481;0;-3.005;983;-0
06.06.2019;04:00;-1.047;847;-230;855;-39;354;-585;171;-441;360;-0;0;-446;999;-481;0;-3.344;933;-0
06.06.2019;05:00;-1.797;299;-756;786;-0;182;-585;215;-323;425;-0;0;-446;1.091;-381;0;-3.382;1.078;-0
06.06.2019;06:00;-4.325;0;-2.039;74;-189;92;-594;494;-173;457;-0;0;-446;657;-443;0;-3.543;1.328;-0
06.06.2019;07:00;-5.469;0;-2.122;0;-1.271;124;-590;483;-73;529;-0;0;-446;773;-662;0;-3.370;1.156;-0
06.06.2019;08:00;-4.886;0;-1.992;0;-1.250;627;-585;746;-72;569;-0;0;-446;421;-454;0;-3.162;712;-0
06.06.2019;09:00;-5.432;0;-2.012;0;-1.364;91;-673;867;-25;572;-0;0;-446;293;-277;0;-3.270;812;-0
06.06.2019;10:00;-3.656;0;-1.906;0;-681;70;-620;1.050;-71;611;-0;0;-446;618;-146;0;-3.107;972;-0
06.06.2019;11:00;-2.091;43;-1.649;0;-353;42;-714;1.249;-84;630;-0;0;-446;964;-65;0;-2.865;1.157;-0
06.06.2019;12:00;-600;697;-1.746;0;-111;60;-867;1.526;-61;604;-0;0;-446;1.017;-7;0;-2.632;1.366;-0
06.06.2019;13:00;-653;1.083;-1.681;0;-309;75;-764;1.603;-46;623;-0;0;-446;913;-50;0;-3.025;1.371;-0
06.06.2019;14:00;-345;843;-1.754;47;-204;58;-716;1.641;-25;608;-0;0;-446;1.334;-0;0;-3.095;1.364;-0
06.06.2019;15:00;-670;613;-1.535;107;-221;199;-609;1.672;-0;584;-0;0;-446;1.156;-1;0;-3.425;1.236;-0
06.06.2019;16:00;-2.455;187;-1.739;0;-468;425;-585;1.680;-0;563;-0;0;-446;862;-52;0;-3.962;1.080;-0
06.06.2019;17:00;-2.996;9;-1.617;0;-888;558;-583;1.588;-3;540;-0;0;-601;961;-161;0;-3.972;1.173;-0
06.06.2019;18:00;-4.774;0;-1.503;0;-1.343;214;-573;1.150;-69;550;-0;0;-574;323;-502;0;-3.617;1.170;-0
06.06.2019;19:00;-5.559;0;-1.315;0;-1.528;0;-1.169;861;-126;557;-0;0;-560;430;-838;0;-3.007;1.136;-0
06.06.2019;20:00;-6.809;0;-1.631;0;-1.565;4;-1.060;452;-130;532;-0;0;-608;319;-1.009;0;-3.244;1.131;-0
06.06.2019;21:00;-7.241;0;-1.554;0;-1.523;0;-1.254;328;-159;509;-0;0;-610;198;-941;0;-3.401;1.166;-0
06.06.2019;22:00;-7.936;0;-1.097;0;-2.083;0;-985;150;-252;507;-0;0;-610;30;-1.192;0;-3.700;1.296;-0
06.06.2019;23:00;-7.586;0;-1.094;0;-1.497;0;-1.028;3;-394;470;-0;0;-610;27;-817;0;-3.749;1.103;-0
07.06.2019;00:00;-7.141;0;-1.151;0;-940;0;-1.259;0;-713;424;-0;0;-610;55;-580;0;-3.326;959;-0
07.06.2019;01:00;-7.267;0;-1.805;0;-459;0;-1.299;0;-843;398;-0;0;-610;235;-455;0;-3.299;870;-0
07.06.2019;02:00;-7.808;0;-2.229;123;-243;0;-1.245;0;-1.085;401;-0;0;-610;304;-644;0;-3.338;758;-0
07.06.2019;03:00;-8.968;0;-2.569;0;-347;0;-1.272;0;-1.197;404;-0;0;-610;264;-583;0;-3.713;655;-0
07.06.2019;04:00;-9.377;0;-3.016;0;-501;0;-1.197;0;-1.137;402;-0;0;-610;324;-521;0;-3.813;692;-0
07.06.2019;05:00;-8.803;0;-3.571;0;-518;0;-939;0;-669;394;-0;0;-610;364;-359;0;-3.857;962;-0
07.06.2019;06:00;-7.977;0;-3.713;0;-1.034;40;-345;34;-93;415;-0;0;-600;220;-583;0;-3.593;1.275;-0
07.06.2019;07:00;-6.904;0;-3.657;0;-1.304;426;-7;210;-0;455;-0;0;-609;296;-643;0;-3.562;1.491;-0
07.06.2019;08:00;-4.766;0;-3.368;0;-1.220;842;-0;482;-0;496;-0;0;-570;746;-393;0;-3.161;1.380;-0
07.06.2019;09:00;-2.680;0;-2.860;0;-987;955;-0;925;-0;505;-0;0;-370;892;-142;0;-3.033;1.435;-0
07.06.2019;10:00;1.487;0;-2.242;258;-17;1.083;-0;1.541;-0;514;-0;0;-37;1.685;-2;0;-2.633;1.337;-0
07.06.2019;11:00;1.713;2;-2.067;307;-6;855;-0;1.599;-0;557;-0;3;-0;1.803;-0;0;-2.534;1.194;-0
07.06.2019;12:00;3.479;387;-1.649;342;-0;950;-0;1.584;-0;523;-0;3;-0;2.024;-0;0;-2.005;1.320;-0
07.06.2019;13:00;4.197;1.037;-1.245;512;-0;1.133;-0;1.494;-0;484;-0;3;-0;2.114;-0;0;-2.617;1.282;-0
07.06.2019;14:00;4.468;1.044;-1.308;710;-0;1.231;-0;1.333;-0;484;-0;254;-0;2.097;-0;0;-2.658;1.281;-0
07.06.2019;15:00;4.893;1.013;-907;786;-0;1.071;-0;1.460;-0;500;-0;28;-0;2.232;-0;0;-2.664;1.374;-0
07.06.2019;16:00;4.910;1.219;-433;527;-0;632;-0;1.525;-0;476;-0;3;-0;2.212;-0;0;-2.556;1.305;-0
07.06.2019;17:00;3.056;1.354;-42;17;-136;191;-60;1.302;-0;497;-0;3;-0;1.549;-28;0;-2.786;1.195;-0
07.06.2019;18:00;815;1.206;-428;0;-425;269;-23;845;-33;506;-0;0;-173;809;-166;0;-2.779;1.207;-0
07.06.2019;19:00;-291;1.230;-583;0;-611;67;-185;912;-79;480;-0;0;-208;365;-264;0;-2.688;1.273;-0
07.06.2019;20:00;-885;1.276;-526;0;-293;41;-428;851;-75;435;-0;0;-402;285;-228;0;-2.993;1.172;-0
07.06.2019;21:00;912;1.211;-525;394;-99;103;-209;1.155;-100;410;-0;0;-473;625;-45;0;-2.854;1.319;-0
07.06.2019;22:00;3.029;1.321;-111;770;-0;146;-471;1.151;-195;409;-0;0;-511;919;-5;0;-1.810;1.416;-0
07.06.2019;23:00;2.842;1.411;-268;842;-2;141;-538;1.067;-185;381;-0;0;-479;1.295;-8;0;-2.012;1.197;-0
08.06.2019;00:00;3.009;1.318;-587;917;-0;460;-427;766;-167;353;-0;0;-68;1.178;-27;0;-2.059;1.352;-0
08.06.2019;01:00;4.022;1.462;-649;1.196;-0;718;-423;602;-210;325;-0;2;-0;1.322;-81;0;-1.638;1.396;-0
08.06.2019;02:00;5.172;1.508;-487;1.495;-0;947;-582;582;-242;316;-0;2;-0;1.589;-87;0;-1.288;1.419;-0
08.06.2019;03:00;4.374;1.541;-874;1.626;-0;611;-585;641;-225;313;-0;2;-0;1.432;-59;0;-1.529;1.480;-0
08.06.2019;04:00;3.495;1.538;-1.126;1.440;-0;599;-581;539;-185;311;-0;2;-0;1.433;-72;0;-1.774;1.371;-0
08.06.2019;05:00;3.849;1.553;-1.088;1.465;-0;995;-536;376;-211;309;-0;2;-0;1.296;-134;0;-1.396;1.218;-0
08.06.2019;06:00;4.572;1.423;-616;1.652;-0;628;-577;482;-183;296;-0;2;-0;1.548;-104;0;-1.351;1.372;-0
08.06.2019;07:00;5.639;1.462;-453;1.847;-0;442;-318;571;-185;319;-0;2;-0;1.588;-120;42;-1.042;1.484;-0
08.06.2019;08:00;8.029;1.793;-0;2.100;-0;552;-291;1.012;-168;352;-0;3;-0;1.587;-53;257;-789;1.674;-0
08.06.2019;09:00;8.641;2.213;-0;1.560;-0;252;-7;1.255;-141;376;-0;2;-0;1.710;-18;386;-628;1.681;-0
08.06.2019;10:00;10.617;2.106;-0;1.736;-0;1.220;-0;1.600;-36;427;-0;2;-0;2.068;-0;390;-560;1.664;-0
08.06.2019;11:00;10.884;1.838;-0;2.144;-0;1.175;-0;1.763;-0;429;-0;2;-0;2.272;-0;232;-528;1.557;-0
08.06.2019;12:00;10.603;1.687;-0;1.878;-0;1.140;-0;1.761;-0;423;-0;67;-0;2.407;-0;264;-269;1.245;-0
08.06.2019;13:00;10.924;1.509;-0;1.990;-0;1.524;-0;1.795;-0;403;-0;71;-0;2.516;-11;152;-330;1.305;-0
08.06.2019;14:00;11.197;978;-0;2.403;-0;2.022;-0;1.667;-0;389;-0;71;-0;2.571;-0;146;-232;1.182;-0
08.06.2019;15:00;11.354;1.054;-0;2.242;-0;1.839;-0;1.764;-0;379;-0;71;-0;2.667;-0;450;-407;1.295;-0
08.06.2019;16:00;11.533;1.181;-0;2.161;-0;1.748;-0;1.827;-0;398;-0;71;-0;2.691;-0;502;-508;1.462;-0
08.06.2019;17:00;11.703;1.502;-0;2.341;-0;1.678;-0;1.749;-4;407;-0;71;-0;2.475;-0;529;-573;1.528;-0
08.06.2019;18:00;8.916;1.253;-0;2.088;-0;444;-26;1.470;-146;416;-0;5;-0;1.996;-1;313;-546;1.650;-0
08.06.2019;19:00;4.354;1.209;-115;887;-0;61;-579;1.080;-172;400;-0;0;-120;918;-64;61;-529;1.317;-0
08.06.2019;20:00;2.055;1.146;-233;154;-12;0;-1.002;1.009;-162;387;-0;0;-193;639;-142;0;-790;1.254;-0
08.06.2019;21:00;2.239;1.233;-32;148;-38;0;-1.445;1.117;-147;391;-0;0;-119;658;-187;0;-739;1.399;-0
08.06.2019;22:00;2.237;2.062;-0;28;-441;0;-1.410;861;-268;439;-0;0;-424;392;-243;112;-114;1.243;-0
08.06.2019;23:00;2.567;2.314;-0;0;-322;0;-1.357;504;-357;427;-0;0;-434;478;-240;369;-0;1.185;-0
09.06.2019;00:00;3.718;2.755;-0;362;-0;7;-940;297;-402;405;-0;0;-550;773;-265;152;-209;1.333;-0
09.06.2019;01:00;4.071;2.952;-0;993;-0;1;-1.007;182;-524;389;-0;0;-609;885;-333;268;-280;1.154;-0
09.06.2019;02:00;3.541;2.720;-0;1.129;-0;3;-984;90;-550;379;-0;0;-611;925;-353;133;-327;987;-0
09.06.2019;03:00;2.292;2.409;-0;950;-0;0;-1.036;90;-547;383;-0;0;-611;916;-376;0;-736;850;-0
09.06.2019;04:00;804;2.375;-0;684;-38;0;-1.226;0;-636;387;-0;0;-611;793;-501;0;-1.105;682;-0
09.06.2019;05:00;-553;2.277;-0;465;-124;0;-1.232;0;-873;377;-0;0;-611;749;-601;0;-1.494;514;-0
09.06.2019;06:00;-817;2.423;-0;137;-107;0;-1.555;0;-650;350;-0;0;-611;717;-349;0;-1.824;652;-0
09.06.2019;07:00;137;2.059;-0;279;-11;0;-1.587;1;-393;354;-0;0;-610;840;-149;0;-1.474;828;-0
09.06.2019;08:00;1.802;2.257;-0;553;-0;0;-1.775;120;-194;363;-0;0;-610;1.036;-22;0;-1.006;1.080;-0
09.06.2019;09:00;4.123;2.270;-0;642;-0;0;-1.840;362;-98;377;-0;0;-110;1.527;-0;18;-339;1.314;-0
09.06.2019;10:00;6.313;2.557;-0;566;-0;0;-1.107;536;-2;389;-0;3;-0;1.751;-79;351;-35;1.383;-0
09.06.2019;11:00;7.032;2.281;-0;585;-0;4;-478;604;-0;399;-0;3;-0;1.832;-30;473;-0;1.359;-0
09.06.2019;12:00;7.443;2.447;-0;748;-0;35;-694;481;-2;407;-0;0;-59;1.756;-130;1.049;-0;1.405;-0
09.06.2019;13:00;5.658;2.586;-0;480;-0;8;-1.003;391;-72;394;-0;0;-195;1.580;-233;412;-4;1.314;-0
09.06.2019;14:00;3.460;2.260;-0;219;-210;25;-829;310;-117;391;-0;0;-546;1.253;-71;18;-429;1.186;-0
09.06.2019;15:00;1.528;2.141;-0;20;-329;0;-1.244;245;-70;386;-0;0;-609;1.022;-10;0;-1.188;1.164;-0
09.06.2019;16:00;-1.928;1.021;-1;0;-895;0;-1.535;329;-69;390;-0;0;-610;582;-8;0;-2.365;1.233;-0
09.06.2019;17:00;-4.877;908;-302;0;-1.692;0;-1.562;123;-166;395;-0;0;-610;115;-361;0;-2.772;1.047;-0
09.06.2019;18:00;-6.321;1.560;-377;0;-2.196;0;-1.626;3;-419;400;-0;0;-567;1;-1.382;0;-2.456;738;-0
09.06.2019;19:00;-7.246;1.671;-381;0;-2.846;0;-1.236;0;-562;412;-0;0;-479;0;-1.860;0;-2.556;591;-0
09.06.2019;20:00;-6.733;1.449;-343;0;-2.782;0;-1.059;1;-406;411;-0;0;-445;0;-1.670;0;-2.616;727;-0
09.06.2019;21:00;-5.321;1.430;-301;0;-2.325;0;-953;32;-174;419;-0;0;-508;3;-1.213;0;-2.685;954;-0
09.06.2019;22:00;-3.897;2.048;-112;0;-2.113;0;-1.004;70;-199;440;-0;0;-605;4;-1.033;0;-2.304;911;-0
09.06.2019;23:00;-2.961;2.320;-0;0;-1.644;0;-1.109;1;-322;412;-0;0;-609;34;-774;0;-2.123;853;-0
10.06.2019;00:00;-3.085;2.498;-0;0;-1.569;0;-1.009;0;-566;383;-0;0;-609;1;-846;0;-2.125;757;-0
10.06.2019;01:00;-3.156;2.256;-0;0;-1.353;103;-574;0;-767;369;-0;0;-609;19;-720;0;-2.351;471;-0
10.06.2019;02:00;-3.541;1.994;-0;0;-1.348;198;-546;0;-921;367;-0;0;-610;67;-655;0;-2.503;416;-0
10.06.2019;03:00;-3.759;1.848;-0;0;-934;284;-584;0;-900;364;-0;0;-610;244;-548;0;-3.338;415;-0
10.06.2019;04:00;-4.515;1.792;-0;0;-880;112;-586;0;-1.019;365;-0;0;-610;216;-569;0;-3.730;394;-0
10.06.2019;05:00;-3.743;1.919;-0;0;-679;69;-670;0;-859;362;-0;0;-610;339;-616;0;-3.527;529;-0
10.06.2019;06:00;-1.593;1.394;-0;69;-324;86;-578;224;-238;330;-0;0;-106;465;-394;0;-3.548;1.027;-0
10.06.2019;07:00;-861;1.197;-0;0;-632;44;-515;606;-62;347;-0;3;-0;369;-186;0;-3.510;1.478;-0
10.06.2019;08:00;-507;1.076;-0;0;-673;0;-852;793;-8;366;-0;3;-0;436;-75;0;-3.314;1.741;-0
10.06.2019;09:00;738;1.168;-0;0;-710;67;-323;843;-22;387;-0;3;-0;585;-47;0;-2.765;1.552;-0
10.06.2019;10:00;2.059;1.300;-0;0;-458;275;-171;792;-14;400;-0;3;-0;877;-34;0;-2.373;1.462;-0
10.06.2019;11:00;3.729;1.601;-0;5;-138;323;-3;826;-0;420;-0;3;-0;1.242;-10;0;-1.883;1.343;-0
10.06.2019;12:00;5.342;1.746;-0;250;-0;781;-0;888;-0;426;-0;3;-0;1.328;-43;0;-1.263;1.226;-0
10.06.2019;13:00;6.501;1.712;-0;630;-0;1.820;-0;854;-0;400;-0;2;-0;1.457;-0;0;-1.510;1.136;-0
10.06.2019;14:00;5.327;2.053;-0;511;-0;1.238;-0;848;-0;404;-0;2;-0;1.330;-0;0;-2.281;1.222;-0
10.06.2019;15:00;3.397;1.947;-0;415;-0;166;-179;927;-19;391;-0;2;-0;1.289;-1;0;-2.949;1.408;-0
10.06.2019;16:00;1.528;2.063;-0;92;-21;2;-1.005;948;-48;400;-0;2;-0;1.028;-7;0;-3.354;1.428;-0
10.06.2019;17:00;-382;2.413;-0;0;-324;0;-1.585;565;-89;420;-0;2;-0;527;-122;0;-3.553;1.364;-0
10.06.2019;18:00;-2.136;2.133;-0;0;-781;0;-1.765;266;-127;430;-0;2;-0;313;-386;0;-3.583;1.362;-0
10.06.2019;19:00;-2.481;2.347;-0;0;-987;0;-1.768;209;-106;432;-0;0;-112;123;-469;0;-3.414;1.264;-0
10.06.2019;20:00;-2.704;2.400;-0;0;-1.132;0;-1.851;376;-78;422;-0;0;-318;139;-426;0;-3.563;1.327;-0
10.06.2019;21:00;-2.398;2.607;-0;0;-947;0;-1.910;377;-99;426;-0;0;-585;275;-294;0;-3.621;1.373;-0
10.06.2019;22:00;-2.290;2.485;-0;0;-610;0;-1.958;156;-353;443;-0;0;-610;365;-460;0;-3.052;1.304;-0
10.06.2019;23:00;-1.202;2.681;-0;82;-26;0;-1.880;54;-579;403;-0;0;-610;417;-481;0;-2.285;1.022;-0
11.06.2019;00:00;-1.900;2.290;-0;259;-100;0;-1.782;54;-577;385;-0;0;-610;357;-662;0;-2.456;942;-0
11.06.2019;01:00;-2.972;1.389;-0;354;-78;0;-1.584;28;-559;368;-0;0;-610;487;-574;0;-2.948;755;-0
11.06.2019;02:00;-3.927;963;-0;507;-154;0;-1.653;0;-741;366;-0;0;-610;637;-540;0;-3.294;592;-0
11.06.2019;03:00;-5.008;681;-0;339;-189;0;-1.653;0;-820;373;-0;0;-610;640;-544;0;-3.783;558;-0
11.06.2019;04:00;-5.474;422;-0;304;-266;0;-1.726;0;-814;386;-0;0;-610;629;-511;0;-3.873;585;-0
11.06.2019;05:00;-6.517;68;-289;256;-244;0;-1.874;0;-818;411;-0;0;-610;407;-606;0;-3.899;681;-0
11.06.2019;06:00;-6.573;0;-905;0;-528;0;-1.601;9;-562;452;-0;0;-610;322;-610;0;-3.619;1.079;-0
11.06.2019;07:00;-6.790;0;-871;0;-1.266;4;-1.178;0;-540;520;-0;0;-334;224;-961;0;-3.541;1.153;-0
11.06.2019;08:00;-5.541;70;-448;0;-1.424;1;-955;31;-439;555;-0;0;-226;339;-798;0;-3.493;1.246;-0
11.06.2019;09:00;-4.127;314;-283;0;-1.305;0;-916;141;-280;555;-0;0;-209;225;-516;0;-3.274;1.421;-0
11.06.2019;10:00;-4.257;16;-426;0;-1.193;0;-927;105;-245;568;-0;0;-233;269;-295;0;-3.334;1.438;-0
11.06.2019;11:00;-4.057;11;-523;0;-1.123;0;-1.036;187;-198;584;-0;0;-207;184;-209;0;-3.241;1.514;-0
11.06.2019;12:00;-2.493;271;-344;0;-1.076;0;-986;682;-40;586;-0;0;-243;524;-64;0;-3.074;1.271;-0
11.06.2019;13:00;-1.890;283;-425;0;-984;0;-876;915;-0;585;-0;0;-244;747;-56;0;-3.244;1.409;-0
11.06.2019;14:00;-1.815;330;-473;0;-850;0;-941;1.059;-0;583;-0;0;-268;720;-40;0;-3.325;1.390;-0
11.06.2019;15:00;-2.563;28;-542;0;-848;0;-1.060;1.085;-0;574;-0;0;-322;736;-28;0;-3.624;1.438;-0
11.06.2019;16:00;-2.549;430;-356;0;-851;0;-892;899;-0;562;-0;0;-421;673;-68;0;-3.778;1.253;-0
11.06.2019;17:00;-4.131;793;-367;0;-1.393;6;-665;415;-4;562;-0;0;-372;146;-449;0;-3.637;834;-0
11.06.2019;18:00;-5.129;826;-297;0;-1.777;43;-329;74;-278;579;-0;0;-423;147;-920;0;-3.404;630;-0
11.06.2019;19:00;-5.895;934;-441;0;-2.181;17;-466;14;-389;581;-0;0;-445;244;-1.158;0;-3.392;787;-0
11.06.2019;20:00;-5.368;949;-691;0;-1.997;6;-508;119;-304;542;-0;0;-446;343;-1.098;0;-3.458;1.175;-0
11.06.2019;21:00;-5.375;971;-783;0;-1.682;0;-773;200;-375;516;-0;0;-446;115;-965;0;-3.534;1.381;-0
11.06.2019;22:00;-5.339;1.421;-638;0;-1.960;0;-985;132;-644;506;-0;0;-446;7;-1.036;0;-2.995;1.299;-0
11.06.2019;23:00;-4.145;1.357;-509;0;-1.075;0;-1.132;217;-782;468;-0;0;-446;140;-617;0;-3.123;1.357;-0
12.06.2019;00:00;-2.819;1.678;-413;49;-150;0;-1.170;129;-1.096;440;-0;0;-446;413;-420;0;-2.914;1.081;-0
12.06.2019;01:00;-4.173;969;-643;216;-185;0;-802;0;-1.204;425;-0;0;-446;406;-482;0;-3.268;841;-0
12.06.2019;02:00;-6.232;323;-706;36;-144;0;-856;0;-1.493;418;-0;0;-445;312;-657;0;-3.677;657;-0
12.06.2019;03:00;-7.281;41;-741;0;-358;0;-993;0;-1.618;421;-0;0;-446;433;-651;0;-3.870;501;-0
12.06.2019;04:00;-7.962;0;-1.057;0;-430;0;-1.086;0;-1.616;438;-0;0;-446;313;-681;0;-3.756;359;-0
12.06.2019;05:00;-7.555;2;-1.020;0;-638;0;-1.132;0;-1.281;460;-0;0;-446;270;-526;0;-3.913;669;-0
12.06.2019;06:00;-7.373;0;-1.483;0;-1.364;1;-711;1;-717;485;-0;0;-446;231;-590;0;-3.950;1.170;-0
12.06.2019;07:00;-6.237;0;-1.219;0;-1.497;13;-288;63;-574;555;-0;0;-419;400;-871;0;-3.730;1.330;-0
12.06.2019;08:00;-5.178;359;-1.087;0;-1.730;23;-298;261;-353;596;-0;0;-404;590;-662;0;-3.708;1.235;-0
12.06.2019;09:00;-2.956;1.102;-908;0;-1.464;17;-430;507;-145;600;-0;0;-434;760;-350;0;-3.432;1.221;-0
12.06.2019;10:00;-2.129;1.698;-763;0;-1.465;14;-458;552;-126;625;-0;0;-414;867;-280;0;-3.590;1.211;-0
12.06.2019;11:00;-1.765;1.978;-771;0;-1.363;61;-658;533;-131;599;-0;0;-430;718;-74;0;-3.364;1.137;-0
12.06.2019;12:00;-2.216;2.060;-748;0;-1.766;0;-1.238;866;-20;551;-0;0;-445;753;-38;0;-3.119;928;-0
12.06.2019;13:00;-1.464;2.107;-757;0;-1.226;0;-1.206;1.092;-2;523;-0;0;-445;1.116;-0;0;-3.619;953;-0
12.06.2019;14:00;652;2.525;-747;0;-741;0;-1.156;1.215;-0;531;-0;0;-445;1.767;-0;0;-3.169;872;-0
12.06.2019;15:00;-24;2.362;-806;0;-768;11;-853;1.163;-0;539;-0;0;-445;1.523;-0;0;-3.540;790;-0
12.06.2019;16:00;-656;2.228;-785;0;-1.198;2;-881;1.252;-2;529;-0;0;-446;1.201;-0;0;-3.485;929;-0
12.06.2019;17:00;-943;2.218;-664;0;-1.555;0;-706;985;-13;530;-0;0;-446;954;-0;0;-3.526;1.280;-0
12.06.2019;18:00;-1.596;1.763;-769;0;-1.556;0;-485;841;-83;545;-0;0;-446;538;-45;0;-3.361;1.462;-0
12.06.2019;19:00;-2.116;1.658;-728;0;-1.780;1;-538;865;-137;544;-0;0;-446;446;-112;0;-3.371;1.482;-0
12.06.2019;20:00;-2.840;1.311;-700;0;-1.452;2;-671;846;-95;529;-0;0;-446;729;-190;0;-3.824;1.121;-0
12.06.2019;21:00;-3.307;920;-537;0;-1.238;0;-911;832;-76;509;-0;0;-446;771;-158;0;-3.967;994;-0
12.06.2019;22:00;-2.191;1.468;-127;0;-1.073;0;-956;654;-215;519;-0;0;-445;439;-91;0;-3.656;1.292;-0
12.06.2019;23:00;-535;1.711;-0;195;-263;0;-1.130;569;-456;463;-0;0;-445;695;-58;0;-3.118;1.302;-0
13.06.2019;00:00;-1.862;939;-0;327;-132;0;-926;301;-668;390;-0;0;-445;806;-108;0;-3.607;1.261;-0
13.06.2019;01:00;-3.434;954;-0;374;-206;0;-1.106;56;-815;366;-0;0;-446;745;-229;0;-4.219;1.092;-0
13.06.2019;02:00;-3.396;740;-139;580;-290;0;-1.050;49;-774;367;-0;0;-446;876;-175;0;-4.252;1.118;-0
13.06.2019;03:00;-3.843;521;-777;818;-238;0;-907;45;-780;360;-0;0;-445;776;-172;0;-4.198;1.154;-0
13.06.2019;04:00;-4.796;261;-1.132;620;-255;0;-1.011;11;-821;375;-0;0;-445;1.001;-199;0;-4.259;1.058;-0
13.06.2019;05:00;-3.873;61;-1.178;860;-164;0;-953;68;-794;408;-0;0;-446;1.080;-159;0;-3.859;1.203;-0
13.06.2019;06:00;-3.592;0;-2.077;462;-246;7;-432;420;-444;451;-0;0;-253;920;-26;0;-3.832;1.458;-0
13.06.2019;07:00;-3.611;0;-2.394;18;-553;256;-352;754;-50;407;-0;0;-17;1.156;-91;0;-4.239;1.494;-0
13.06.2019;08:00;-2.035;0;-1.641;0;-893;315;-264;1.093;-1;543;-0;3;-0;1.415;-43;0;-4.087;1.525;-0
13.06.2019;09:00;1.415;219;-426;156;-369;355;-240;1.506;-0;537;-0;3;-0;1.756;-0;0;-3.485;1.403;-0
13.06.2019;10:00;3.816;863;-548;605;-93;657;-53;1.576;-0;533;-0;3;-0;2.217;-0;0;-3.349;1.405;-0
13.06.2019;11:00;5.248;1.145;-693;864;-19;1.086;-0;1.691;-0;550;-0;3;-0;2.508;-0;0;-3.319;1.432;-0
13.06.2019;12:00;6.589;1.375;-218;766;-0;1.147;-0;1.808;-0;543;-0;100;-0;2.729;-0;0;-3.031;1.370;-0
13.06.2019;13:00;5.537;1.256;-246;701;-0;1.038;-0;1.885;-0;527;-0;7;-0;2.533;-0;0;-3.474;1.310;-0
13.06.2019;14:00;5.276;1.165;-132;611;-0;928;-0;1.807;-0;500;-0;57;-0;2.490;-0;0;-3.370;1.220;-0
13.06.2019;15:00;2.536;1.084;-306;493;-138;55;-53;1.658;-0;488;-0;5;-0;2.114;-0;0;-3.970;1.106;-0
13.06.2019;16:00;1.219;618;-431;387;-224;259;-364;1.355;-0;516;-0;3;-0;2.016;-0;0;-4.068;1.152;-0
13.06.2019;17:00;419;136;-115;28;-397;111;-521;1.340;-0;537;-0;2;-0;1.980;-0;0;-3.926;1.244;-0
13.06.2019;18:00;-1.368;0;-482;0;-1.006;251;-136;848;-7;546;-0;2;-0;1.301;-78;0;-3.830;1.223;-0
13.06.2019;19:00;-3.540;0;-960;0;-1.440;194;-253;559;-234;554;-0;2;-0;997;-290;0;-3.889;1.220;-0
13.06.2019;20:00;-5.110;0;-1.302;0;-1.543;301;-327;516;-329;540;-0;0;-385;667;-378;0;-4.047;1.177;-0
13.06.2019;21:00;-3.845;0;-1.085;0;-1.350;317;-295;716;-121;517;-0;0;-310;609;-236;0;-4.039;1.432;-0
13.06.2019;22:00;-3.875;0;-680;0;-1.727;191;-297;694;-119;524;-0;0;-438;680;-190;0;-3.810;1.297;-0
13.06.2019;23:00;-2.578;0;-366;0;-642;6;-376;546;-305;489;-0;0;-446;716;-50;0;-3.373;1.223;-0
14.06.2019;00:00;-3.704;111;-249;69;-390;0;-1.134;367;-518;455;-0;0;-446;718;-48;0;-3.867;1.228;-0
14.06.2019;01:00;-3.874;142;-456;168;-263;0;-1.240;241;-430;436;-0;0;-446;740;-114;0;-3.946;1.294;-0
14.06.2019;02:00;-4.290;408;-312;35;-348;0;-1.236;93;-526;424;-0;0;-446;661;-172;0;-4.014;1.143;-0
14.06.2019;03:00;-5.091;438;-183;0;-441;0;-1.178;0;-728;408;-0;0;-446;653;-275;0;-4.203;864;-0
14.06.2019;04:00;-5.124;227;-119;0;-327;0;-1.074;0;-815;388;-0;0;-446;755;-307;0;-4.185;779;-0
14.06.2019;05:00;-5.119;1;-489;106;-310;0;-935;11;-610;398;-0;0;-446;610;-250;0;-4.157;952;-0
14.06.2019;06:00;-3.662;0;-678;0;-546;0;-730;288;-311;421;-0;0;-295;592;-48;0;-3.730;1.375;-0
14.06.2019;07:00;-1.926;114;-431;0;-922;41;-426;489;-206;487;-0;0;-23;607;-33;0;-3.101;1.478;-0
14.06.2019;08:00;-1.165;454;-353;0;-1.169;37;-424;603;-94;541;-0;3;-0;1.019;-12;0;-3.119;1.349;-0
14.06.2019;09:00;1.398;1.402;-153;0;-888;87;-421;684;-2;563;-0;3;-0;1.529;-0;0;-2.852;1.446;-0
14.06.2019;10:00;3.304;1.596;-9;7;-329;135;-421;1.029;-0;580;-0;3;-0;2.037;-0;0;-2.747;1.423;-0
14.06.2019;11:00;4.212;1.716;-0;172;-0;45;-527;1.061;-0;585;-0;3;-0;2.070;-0;0;-2.274;1.361;-0
14.06.2019;12:00;4.382;1.100;-10;517;-0;56;-754;1.591;-0;564;-0;0;-106;2.375;-0;0;-2.157;1.206;-0
14.06.2019;13:00;3.969;836;-182;672;-0;16;-723;1.508;-0;544;-0;0;-2;2.552;-0;0;-2.403;1.151;-0
14.06.2019;14:00;2.857;489;-213;634;-0;93;-805;1.436;-0;536;-0;0;-229;2.416;-0;0;-2.577;1.077;-0
14.06.2019;15:00;1.075;305;-208;303;-20;59;-778;1.363;-0;534;-0;0;-325;1.983;-0;0;-3.176;1.035;-0
14.06.2019;16:00;-1.509;0;-800;0;-575;29;-770;1.470;-0;536;-0;0;-373;1.682;-20;0;-3.931;1.243;-0
14.06.2019;17:00;-2.845;0;-701;0;-1.313;57;-743;1.192;-0;560;-0;0;-444;1.332;-255;0;-3.806;1.276;-0
14.06.2019;18:00;-3.820;79;-648;0;-1.424;18;-679;815;-5;573;-0;0;-446;928;-456;0;-3.767;1.192;-0
14.06.2019;19:00;-4.733;171;-660;0;-1.640;0;-726;523;-81;574;-0;0;-446;831;-606;0;-3.866;1.193;-0
14.06.2019;20:00;-4.321;501;-549;0;-1.554;0;-861;661;-45;550;-0;0;-446;739;-647;0;-4.023;1.353;-0
14.06.2019;21:00;-3.641;495;-410;0;-1.244;0;-1.031;768;-20;527;-0;0;-446;616;-410;0;-4.002;1.516;-0
14.06.2019;22:00;-1.977;1.276;-63;0;-1.226;0;-1.052;694;-50;523;-0;0;-446;610;-262;0;-3.513;1.532;-0
14.06.2019;23:00;-1.085;1.940;-0;0;-966;0;-1.026;535;-323;490;-0;0;-446;425;-83;0;-3.116;1.485;-0
15.06.2019;00:00;-1.329;2.343;-0;0;-880;0;-1.056;458;-388;458;-0;0;-446;554;-181;0;-3.666;1.475;-0
15.06.2019;01:00;-1.998;2.011;-0;0;-762;0;-1.068;361;-420;433;-0;0;-446;565;-238;0;-3.853;1.419;-0
15.06.2019;02:00;-1.908;2.260;-0;0;-448;0;-1.065;281;-555;425;-0;0;-446;472;-300;0;-3.765;1.233;-0
15.06.2019;03:00;-2.678;1.923;-0;0;-404;3;-972;188;-538;422;-0;0;-446;725;-308;0;-4.367;1.096;-0
15.06.2019;04:00;-3.145;1.723;-0;0;-513;0;-1.027;237;-430;411;-0;0;-446;803;-299;0;-4.647;1.043;-0
15.06.2019;05:00;-3.357;1.669;-0;66;-535;0;-1.056;218;-443;409;-0;0;-446;677;-304;0;-4.689;1.077;-0
15.06.2019;06:00;-2.908;1.630;-0;55;-495;0;-1.067;289;-431;387;-0;0;-446;735;-228;0;-4.649;1.312;-0
15.06.2019;07:00;-934;1.847;-0;12;-272;0;-983;657;-248;382;-0;0;-446;969;-35;0;-4.270;1.453;-0
15.06.2019;08:00;1.446;2.438;-0;33;-19;0;-1.008;822;-117;445;-0;0;-446;1.594;-0;0;-3.610;1.314;-0
15.06.2019;09:00;2.114;2.774;-0;6;-244;14;-999;932;-24;469;-0;0;-446;1.630;-0;0;-3.207;1.209;-0
15.06.2019;10:00;3.344;2.537;-0;27;-57;131;-733;1.177;-0;462;-0;0;-198;1.884;-0;0;-2.960;1.074;-0
15.06.2019;11:00;4.436;2.019;-0;313;-0;243;-448;1.319;-0;462;-0;0;-9;2.234;-0;0;-2.720;1.023;-0
15.06.2019;12:00;5.558;2.249;-0;507;-0;279;-432;1.622;-0;440;-0;2;-0;2.299;-0;0;-2.440;1.032;-0
15.06.2019;13:00;3.935;1.970;-0;223;-45;203;-892;2.028;-0;407;-0;0;-385;2.476;-0;0;-3.216;1.166;-0
15.06.2019;14:00;3.970;2.133;-0;399;-140;172;-1.004;2.116;-0;403;-0;0;-445;2.356;-0;0;-3.199;1.179;-0
15.06.2019;15:00;3.418;1.910;-0;443;-310;5;-1.008;2.217;-0;416;-0;0;-148;2.271;-0;0;-3.661;1.283;-0
15.06.2019;16:00;3.020;2.290;-0;446;-332;86;-451;1.637;-0;425;-0;0;-128;1.979;-0;0;-4.141;1.209;-0
15.06.2019;17:00;2.475;1.870;-0;525;-241;80;-444;1.608;-50;430;-0;0;-287;1.884;-0;0;-4.210;1.310;-0
15.06.2019;18:00;2.267;2.143;-0;422;-172;1;-961;1.733;-143;453;-0;0;-437;1.654;-0;0;-3.748;1.322;-0
15.06.2019;19:00;-329;1.894;-0;0;-757;0;-1.020;1.609;-213;454;-0;0;-446;986;-0;0;-4.002;1.166;-0
15.06.2019;20:00;-930;1.633;-0;0;-696;0;-1.045;1.375;-190;447;-0;0;-446;833;-11;0;-4.098;1.268;-0
15.06.2019;21:00;-1.065;1.426;-2;0;-532;0;-1.081;1.236;-189;436;-0;0;-446;831;-20;0;-4.197;1.473;-0
15.06.2019;22:00;-1.696;1.680;-31;0;-979;0;-1.051;930;-181;452;-0;0;-446;715;-121;0;-4.060;1.396;-0
15.06.2019;23:00;-1.939;1.983;-41;0;-952;0;-1.059;443;-213;434;-0;0;-446;565;-237;0;-3.612;1.196;-0
16.06.2019;00:00;-2.352;1.718;-52;0;-436;0;-1.061;104;-290;403;-0;0;-446;731;-250;0;-3.772;999;-0
16.06.2019;01:00;-4.576;846;-3;0;-670;2;-990;2;-457;377;-0;0;-446;660;-292;0;-4.352;747;-0
16.06.2019;02:00;-5.050;552;-0;0;-583;0;-1.034;0;-685;362;-0;0;-446;954;-377;0;-4.385;592;-0
16.06.2019;03:00;-5.736;348;-0;0;-500;0;-1.016;0;-766;361;-0;0;-446;561;-425;0;-4.439;586;-0
16.06.2019;04:00;-6.862;160;-317;0;-676;0;-1.010;0;-703;365;-0;0;-446;417;-446;0;-4.700;494;-0
16.06.2019;05:00;-6.830;263;-592;0;-819;0;-1.037;0;-822;369;-0;0;-446;421;-470;0;-4.119;422;-0
16.06.2019;06:00;-6.611;274;-534;0;-764;0;-1.016;0;-969;356;-0;0;-446;423;-503;0;-3.868;436;-0
16.06.2019;07:00;-5.445;181;-482;0;-662;29;-1.004;0;-631;359;-0;0;-446;521;-370;0;-3.725;785;-0
16.06.2019;08:00;-4.738;36;-512;0;-829;91;-936;70;-304;379;-0;0;-126;543;-252;0;-3.906;1.008;-0
16.06.2019;09:00;-4.699;0;-963;0;-1.244;124;-605;373;-170;389;-0;0;-1;455;-96;0;-4.231;1.270;-0
16.06.2019;10:00;-4.762;14;-779;0;-1.656;185;-687;520;-99;401;-0;2;-0;444;-49;0;-4.449;1.391;-0
16.06.2019;11:00;-4.097;112;-827;0;-1.408;194;-674;603;-75;425;-0;2;-0;575;-38;0;-4.460;1.474;-0
16.06.2019;12:00;-2.844;227;-245;0;-1.405;449;-421;459;-72;446;-0;2;-0;616;-25;0;-4.157;1.282;-0
16.06.2019;13:00;-3.335;7;-642;0;-1.505;596;-421;575;-1;421;-0;2;-0;764;-4;0;-4.410;1.283;-0
16.06.2019;14:00;-4.000;0;-1.005;0;-1.713;277;-421;517;-41;411;-0;2;-0;769;-0;0;-4.018;1.222;-0
16.06.2019;15:00;-4.271;0;-824;0;-1.659;33;-540;458;-34;396;-0;2;-0;653;-20;0;-3.850;1.114;-0
16.06.2019;16:00;-4.738;0;-449;0;-1.613;10;-546;183;-235;396;-0;0;-177;442;-22;0;-3.654;927;-0
16.06.2019;17:00;-4.355;445;-358;0;-1.499;0;-645;18;-227;413;-0;0;-424;423;-75;0;-3.487;1.061;-0
16.06.2019;18:00;-5.637;894;-587;0;-1.706;0;-447;0;-845;435;-0;0;-446;252;-417;0;-3.551;781;-0
16.06.2019;19:00;-6.407;1.172;-683;0;-1.779;1;-555;0;-1.004;444;-0;0;-445;65;-588;0;-3.743;708;-0
16.06.2019;20:00;-7.804;1.300;-623;0;-2.009;0;-696;0;-1.283;445;-0;0;-445;1;-1.113;0;-3.910;529;-0
16.06.2019;21:00;-7.944;1.141;-640;0;-1.779;0;-666;0;-1.286;441;-0;0;-445;0;-1.379;0;-3.859;528;-0
16.06.2019;22:00;-8.017;1.036;-576;0;-1.984;0;-668;0;-1.315;468;-0;0;-446;0;-1.212;0;-3.766;452;-6
16.06.2019;23:00;-7.372;1.471;-426;0;-1.978;0;-657;0;-1.423;438;-0;0;-446;13;-1.060;0;-3.718;450;-36
17.06.2019;00:00;-6.609;1.155;-34;0;-1.115;0;-923;0;-1.324;411;-0;0;-445;171;-896;0;-3.851;302;-60
17.06.2019;01:00;-6.956;822;-0;0;-968;0;-1.069;0;-1.161;392;-0;0;-445;215;-944;0;-4.106;338;-30
17.06.2019;02:00;-6.633;696;-0;0;-636;0;-1.075;0;-1.184;388;-0;0;-446;308;-666;0;-4.282;311;-47
17.06.2019;03:00;-6.726;656;-0;0;-525;0;-1.065;0;-1.167;394;-0;0;-446;268;-733;0;-4.418;341;-31
17.06.2019;04:00;-7.176;541;-0;0;-520;0;-1.076;0;-1.329;404;-0;0;-446;325;-821;0;-4.472;266;-48
17.06.2019;05:00;-6.858;308;-8;0;-562;0;-1.039;0;-1.320;421;-0;0;-446;307;-766;0;-4.217;468;-4
17.06.2019;06:00;-6.659;120;-418;0;-1.112;7;-579;0;-966;451;-0;0;-446;152;-717;0;-3.934;783;-0
17.06.2019;07:00;-5.888;587;-511;0;-1.212;5;-595;0;-857;506;-0;0;-446;125;-844;0;-3.644;998;-0
17.06.2019;08:00;-4.091;999;-472;22;-771;5;-657;0;-561;540;-0;0;-446;92;-720;0;-3.320;1.198;-0
17.06.2019;09:00;-1.419;1.352;-343;7;-517;19;-732;75;-127;556;-0;0;-446;443;-118;0;-3.124;1.536;-0
17.06.2019;10:00;662;1.360;-116;92;-15;47;-844;467;-5;577;-0;0;-446;1.068;-0;0;-3.169;1.646;-0
17.06.2019;11:00;2.479;1.619;-88;750;-0;30;-847;859;-0;591;-0;0;-446;1.258;-0;0;-2.719;1.472;-0
17.06.2019;12:00;2.644;1.638;-135;274;-42;9;-886;1.305;-0;586;-0;0;-446;1.523;-0;0;-2.589;1.407;-0
17.06.2019;13:00;1.348;1.478;-351;75;-147;4;-978;1.290;-0;576;-0;0;-446;1.427;-0;0;-2.954;1.374;-0
17.06.2019;14:00;1.382;1.443;-530;106;-81;2;-965;1.249;-0;571;-0;0;-446;1.501;-0;0;-2.838;1.370;-0
17.06.2019;15:00;-54;958;-697;56;-101;0;-990;1.095;-0;557;-0;0;-446;1.254;-0;0;-3.060;1.320;-0
17.06.2019;16:00;-1.109;673;-718;0;-244;16;-983;809;-0;560;-0;0;-446;1.113;-2;0;-3.216;1.329;-0
17.06.2019;17:00;-2.328;1.135;-643;0;-697;53;-671;212;-1;565;-0;0;-446;409;-417;0;-3.142;1.315;-0
17.06.2019;18:00;-3.448;1.227;-702;0;-1.278;85;-426;0;-185;584;-0;0;-446;148;-695;0;-2.924;1.164;-0
17.06.2019;19:00;-6.242;652;-851;0;-1.736;158;-421;0;-706;583;-0;0;-446;40;-1.227;0;-3.263;975;-0
17.06.2019;20:00;-6.244;758;-913;0;-1.392;83;-421;0;-792;554;-0;0;-446;88;-1.300;0;-3.524;1.061;-0
17.06.2019;21:00;-4.700;1.164;-791;50;-520;15;-426;0;-697;527;-0;0;-446;41;-1.298;0;-3.544;1.225;-0
17.06.2019;22:00;-3.260;2.167;-498;0;-815;11;-644;0;-563;526;-0;0;-445;50;-1.118;0;-3.216;1.285;-0
17.06.2019;23:00;-1.754;2.702;-214;0;-309;2;-998;14;-632;483;-0;0;-446;77;-722;0;-3.015;1.304;-0
18.06.2019;00:00;-2.646;2.048;-13;0;-418;20;-1.006;2;-665;448;-0;0;-446;95;-501;0;-3.329;1.119;-0
18.06.2019;01:00;-3.666;1.633;-0;0;-303;17;-1.006;0;-844;430;-0;0;-446;70;-530;0;-3.534;847;-0
18.06.2019;02:00;-4.660;1.084;-0;5;-324;3;-1.006;0;-910;428;-0;0;-446;160;-627;0;-3.878;851;-0
18.06.2019;03:00;-5.147;819;-50;0;-474;0;-1.007;0;-1.086;430;-0;0;-446;241;-487;0;-3.822;735;-0
18.06.2019;04:00;-5.950;610;-316;0;-570;0;-1.015;0;-1.169;436;-0;0;-446;168;-514;0;-3.758;624;-0
18.06.2019;05:00;-5.362;665;-513;0;-413;0;-1.008;0;-906;451;-0;0;-446;187;-501;0;-3.734;856;-0
18.06.2019;06:00;-5.409;410;-740;0;-623;2;-1.008;53;-518;488;-0;0;-446;151;-638;0;-3.699;1.159;-0
18.06.2019;07:00;-4.805;581;-824;0;-808;12;-922;218;-244;538;-0;0;-229;126;-766;0;-3.444;957;-0
18.06.2019;08:00;-3.762;991;-805;58;-1.071;11;-652;296;-130;573;-0;0;-228;162;-499;0;-3.246;778;-0
18.06.2019;09:00;-795;1.710;-610;48;-952;26;-504;851;-2;577;-0;0;-273;781;-159;0;-3.017;729;-0
18.06.2019;10:00;1.589;1.947;-467;220;-355;31;-739;1.219;-0;605;-0;0;-317;1.240;-0;0;-2.761;966;-0
18.06.2019;11:00;2.009;1.648;-491;294;-162;42;-745;1.361;-0;602;-0;0;-351;1.491;-0;0;-2.605;925;-0
18.06.2019;12:00;2.832;1.706;-510;319;-64;36;-473;1.502;-0;584;-0;0;-430;1.740;-0;0;-2.503;925;-0
18.06.2019;13:00;2.676;1.669;-500;326;-35;36;-692;1.526;-0;595;-0;0;-446;1.928;-0;0;-2.673;942;-0
18.06.2019;14:00;1.845;1.631;-527;297;-192;27;-714;1.339;-0;590;-0;0;-446;1.867;-0;0;-2.893;866;-0
18.06.2019;15:00;597;1.538;-568;236;-492;6;-641;1.290;-0;583;-0;0;-446;1.580;-0;0;-3.239;750;-0
18.06.2019;16:00;-183;1.919;-509;208;-651;20;-680;1.144;-0;563;-0;0;-445;868;-109;0;-3.257;746;-0
18.06.2019;17:00;-2.274;1.502;-612;0;-1.367;80;-430;862;-0;571;-0;0;-446;700;-295;0;-3.603;764;-0
18.06.2019;18:00;-3.850;1.329;-677;35;-1.590;43;-508;472;-8;587;-0;0;-446;513;-546;0;-3.721;667;-0
18.06.2019;19:00;-5.653;943;-797;0;-2.105;10;-425;126;-140;590;-0;0;-446;608;-1.037;0;-3.678;698;-0
18.06.2019;20:00;-5.297;1.022;-696;0;-1.693;0;-439;72;-291;559;-0;0;-445;425;-1.063;0;-3.771;1.023;-0
18.06.2019;21:00;-4.167;1.596;-535;0;-1.349;0;-631;189;-306;537;-0;0;-445;229;-938;0;-3.787;1.273;-0
18.06.2019;22:00;-4.150;1.628;-452;0;-1.625;0;-742;285;-319;535;-0;0;-445;152;-842;0;-3.698;1.373;-0
18.06.2019;23:00;-3.108;1.595;-377;0;-956;0;-1.015;383;-418;497;-0;0;-446;269;-334;0;-3.727;1.421;-0
19.06.2019;00:00;-4.209;824;-426;0;-641;0;-1.034;142;-556;461;-0;0;-446;606;-195;0;-4.147;1.203;-0
19.06.2019;01:00;-4.683;81;-468;4;-453;0;-1.033;140;-582;437;-0;0;-446;861;-169;0;-4.137;1.082;-0
19.06.2019;02:00;-5.214;0;-718;7;-432;0;-1.034;121;-601;418;-0;0;-446;780;-141;0;-4.243;1.075;-0
19.06.2019;03:00;-5.338;0;-736;0;-552;0;-1.028;95;-535;408;-0;0;-446;623;-144;0;-4.103;1.080;-0
19.06.2019;04:00;-5.341;1;-627;0;-703;0;-1.030;79;-486;405;-0;0;-446;511;-125;0;-3.961;1.041;-0
19.06.2019;05:00;-4.576;174;-645;0;-574;0;-969;158;-395;416;-0;0;-446;643;-84;0;-4.048;1.194;-0
19.06.2019;06:00;-4.967;0;-1.116;0;-1.077;6;-596;257;-197;449;-0;0;-58;472;-364;0;-4.059;1.316;-0
19.06.2019;07:00;-3.611;130;-848;1;-1.111;450;-421;309;-82;492;-0;59;-0;594;-639;0;-3.771;1.226;-0
19.06.2019;08:00;-2.437;741;-684;11;-1.299;771;-421;220;-92;537;-0;99;-0;659;-680;0;-3.451;1.152;-0
19.06.2019;09:00;-635;1.454;-446;0;-1.759;686;-421;725;-0;573;-0;7;-0;634;-287;0;-3.139;1.338;-0
19.06.2019;10:00;1.157;1.859;-338;0;-1.755;791;-421;907;-0;576;-0;77;-0;1.093;-117;0;-2.973;1.458;-0
19.06.2019;11:00;2.255;1.878;-163;0;-1.430;664;-421;1.209;-0;625;-0;6;-0;1.313;-24;0;-2.729;1.327;-0
19.06.2019;12:00;3.914;1.752;-16;62;-801;649;-421;1.623;-0;623;-0;3;-0;1.938;-0;0;-2.627;1.129;-0
19.06.2019;13:00;3.265;1.607;-259;209;-618;460;-421;1.409;-0;608;-0;2;-0;2.083;-5;0;-2.899;1.089;-0
19.06.2019;14:00;2.369;1.849;-557;202;-644;182;-422;1.270;-0;587;-0;2;-0;1.958;-62;0;-2.981;985;-0
19.06.2019;15:00;354;1.368;-598;16;-727;75;-556;1.227;-0;571;-0;2;-0;1.642;-41;0;-3.574;949;-0
19.06.2019;16:00;-209;1.349;-547;0;-1.028;54;-640;1.296;-0;546;-0;0;-55;1.471;-48;0;-3.701;1.094;-0
19.06.2019;17:00;-361;1.712;-383;0;-1.256;71;-739;1.330;-0;572;-0;0;-69;1.128;-214;0;-3.621;1.108;-0
19.06.2019;18:00;-3.091;1.453;-666;0;-1.489;108;-832;571;-0;584;-0;0;-309;644;-791;0;-3.448;1.084;-0
19.06.2019;19:00;-4.112;1.333;-703;0;-1.515;72;-932;173;-57;551;-0;0;-378;703;-1.225;0;-3.220;1.086;-0
19.06.2019;20:00;-4.738;1.209;-656;0;-1.445;3;-1.030;233;-140;553;-0;0;-443;417;-1.079;0;-3.540;1.180;-0
19.06.2019;21:00;-3.862;1.288;-583;0;-1.404;0;-1.041;436;-77;531;-0;0;-446;388;-650;0;-3.653;1.349;-0
19.06.2019;22:00;-3.085;1.946;-428;0;-1.715;0;-1.047;292;-191;522;-0;0;-446;266;-553;0;-3.110;1.379;-0
19.06.2019;23:00;-2.083;2.053;-465;0;-1.009;0;-966;210;-290;458;-0;0;-446;464;-455;0;-2.942;1.305;-0
20.06.2019;00:00;-2.230;1.396;-175;0;-428;0;-1.014;139;-422;429;-0;0;-446;848;-221;0;-3.586;1.250;-0
20.06.2019;01:00;-3.173;1.092;-28;0;-450;25;-1.006;1;-521;412;-0;0;-446;636;-176;0;-3.792;1.080;-0
20.06.2019;02:00;-3.759;716;-0;0;-653;22;-997;0;-618;404;-0;0;-446;730;-80;0;-3.890;1.053;-0
20.06.2019;03:00;-4.378;317;-105;0;-650;106;-968;0;-677;417;-0;0;-446;766;-95;0;-4.027;984;-0
20.06.2019;04:00;-4.302;206;-235;0;-367;163;-1.005;0;-738;435;-0;0;-446;957;-129;0;-3.967;824;-0
20.06.2019;05:00;-3.994;534;-73;7;-408;135;-976;0;-602;458;-0;0;-446;682;-100;0;-4.029;824;-0
20.06.2019;06:00;-1.895;919;-344;0;-480;90;-636;183;-37;492;-0;0;-120;751;-5;0;-3.763;1.055;-0
20.06.2019;07:00;762;2.152;-308;0;-608;278;-421;216;-2;553;-0;0;-77;782;-70;0;-2.925;1.192;-0
20.06.2019;08:00;2.326;2.686;-353;0;-427;388;-421;346;-0;593;-0;1;-0;701;-132;0;-2.344;1.288;-0
20.06.2019;09:00;3.507;2.598;-248;0;-385;494;-421;811;-0;605;-0;3;-0;1.126;-45;0;-2.285;1.254;-0
20.06.2019;10:00;4.157;2.550;-247;84;-53;495;-421;658;-0;620;-0;3;-0;1.497;-0;0;-2.171;1.142;-0
20.06.2019;11:00;4.691;2.472;-268;341;-0;487;-421;674;-0;625;-0;3;-0;1.412;-0;0;-1.758;1.124;-0
20.06.2019;12:00;5.611;2.323;-196;337;-0;450;-421;1.104;-0;621;-0;2;-0;1.762;-0;0;-1.562;1.191;-0
20.06.2019;13:00;5.377;2.308;-19;362;-0;251;-422;1.102;-0;587;-0;0;-80;1.870;-0;0;-1.714;1.132;-0
20.06.2019;14:00;4.220;1.703;-0;373;-0;161;-563;1.322;-0;591;-0;0;-189;2.051;-0;0;-2.139;910;-0
20.06.2019;15:00;4.523;1.873;-0;575;-0;308;-421;1.419;-0;575;-0;0;-241;1.849;-2;0;-2.273;861;-0
20.06.2019;16:00;2.702;1.375;-163;429;-45;462;-434;1.425;-0;563;-0;0;-315;1.446;-50;0;-2.746;755;-0
20.06.2019;17:00;-727;1.032;-504;0;-538;219;-422;1.025;-0;569;-0;0;-291;926;-238;0;-3.448;943;-0
20.06.2019;18:00;-3.296;753;-666;0;-1.386;3;-492;609;-0;580;-0;0;-559;608;-368;0;-3.456;1.078;-0
20.06.2019;19:00;-4.164;744;-676;0;-1.353;0;-473;336;-0;583;-0;0;-594;301;-674;0;-3.374;1.016;-0
20.06.2019;20:00;-4.728;1.239;-607;0;-1.401;0;-540;44;-174;553;-0;0;-597;174;-878;0;-3.461;920;-0
20.06.2019;21:00;-4.995;1.106;-608;0;-1.472;20;-463;22;-117;525;-0;0;-605;136;-819;0;-3.745;1.025;-0
20.06.2019;22:00;-4.961;1.291;-566;0;-1.651;0;-508;8;-321;522;-0;0;-609;233;-1.002;0;-3.332;974;-0
20.06.2019;23:00;-4.182;1.256;-590;0;-1.046;0;-593;0;-462;481;-0;0;-610;172;-493;0;-3.223;926;-0
21.06.2019;00:00;-4.879;391;-591;0;-573;0;-892;0;-603;430;-0;0;-610;544;-210;0;-3.650;885;-0
21.06.2019;01:00;-4.517;46;-486;44;-169;3;-918;0;-464;416;-0;0;-610;712;-150;0;-3.821;880;-0
21.06.2019;02:00;-5.912;0;-979;23;-258;0;-972;0;-700;419;-0;0;-610;682;-191;0;-4.029;703;-0
21.06.2019;03:00;-6.027;0;-655;0;-357;0;-1.011;0;-746;424;-0;0;-610;688;-244;0;-4.216;700;-0
21.06.2019;04:00;-6.321;0;-649;0;-375;0;-1.019;0;-814;435;-0;0;-610;515;-277;0;-4.192;665;-0
21.06.2019;05:00;-6.544;0;-1.167;5;-373;2;-1.004;0;-762;456;-0;0;-610;581;-209;0;-4.236;773;-0
21.06.2019;06:00;-7.020;0;-1.878;0;-945;0;-727;7;-170;484;-0;0;-610;471;-318;0;-4.419;1.085;-0
21.06.2019;07:00;-6.237;0;-1.526;0;-1.448;46;-448;11;-77;538;-0;0;-610;437;-611;0;-3.805;1.256;-0
21.06.2019;08:00;-4.682;43;-1.058;0;-1.427;102;-421;319;-1;566;-0;0;-352;465;-417;0;-3.640;1.139;-0
21.06.2019;09:00;-3.022;645;-742;0;-1.627;81;-421;693;-0;568;-0;0;-289;708;-271;0;-3.547;1.180;-0
21.06.2019;10:00;-948;657;-723;0;-1.116;117;-421;1.120;-0;565;-0;0;-266;1.230;-61;0;-3.143;1.093;-0
21.06.2019;11:00;1.329;761;-643;0;-472;78;-427;1.473;-0;582;-0;0;-304;1.871;-0;0;-2.732;1.142;-0
21.06.2019;12:00;2.910;967;-479;324;-0;42;-706;1.648;-0;578;-0;0;-396;2.115;-0;0;-2.318;1.135;-0
21.06.2019;13:00;2.785;753;-450;673;-0;18;-950;1.767;-0;561;-0;0;-506;2.398;-0;0;-2.559;1.080;-0
21.06.2019;14:00;1.902;615;-416;582;-10;0;-1.031;1.585;-0;543;-0;0;-606;2.245;-0;0;-2.662;1.057;-0
21.06.2019;15:00;1.450;329;-438;602;-0;0;-1.078;1.792;-0;536;-0;0;-610;2.347;-0;0;-3.046;1.016;-0
21.06.2019;16:00;27;235;-524;354;-77;0;-1.085;1.748;-0;531;-0;0;-609;1.908;-2;0;-3.541;1.089;-0
21.06.2019;17:00;-1.831;450;-520;0;-459;0;-1.110;1.436;-0;548;-0;0;-610;1.248;-138;0;-3.741;1.065;-0
21.06.2019;18:00;-3.695;357;-663;0;-1.154;0;-1.099;1.006;-0;559;-0;0;-610;849;-393;0;-3.769;1.222;-0
21.06.2019;19:00;-5.172;702;-613;0;-1.734;0;-1.104;656;-0;553;-0;0;-610;365;-766;0;-3.862;1.241;-0
21.06.2019;20:00;-5.104;1.124;-610;0;-1.804;0;-1.079;668;-0;530;-0;0;-609;268;-879;0;-4.144;1.431;-0
21.06.2019;21:00;-5.098;1.132;-621;0;-1.728;0;-1.058;691;-0;500;-0;0;-609;194;-785;0;-4.284;1.470;-0
21.06.2019;22:00;-4.481;1.424;-632;0;-1.828;0;-1.061;745;-0;489;-0;0;-610;344;-583;0;-4.261;1.492;-0
21.06.2019;23:00;-3.566;1.214;-701;0;-931;0;-1.066;626;-0;453;-0;0;-609;476;-281;0;-4.134;1.387;-0
22.06.2019;00:00;-4.505;1.191;-760;0;-1.397;0;-1.086;302;-56;423;-0;0;-610;293;-261;0;-3.735;1.191;-0
22.06.2019;01:00;-4.359;1.131;-572;0;-900;0;-1.055;143;-158;383;-0;0;-609;253;-296;0;-3.617;938;-0
22.06.2019;02:00;-4.285;877;-562;0;-567;0;-1.038;86;-263;370;-0;0;-609;489;-306;0;-3.554;792;-0
22.06.2019;03:00;-3.996;867;-470;0;-337;0;-1.039;29;-299;356;-0;0;-609;636;-298;0;-3.580;748;-0
22.06.2019;04:00;-4.092;923;-279;0;-421;0;-1.040;3;-427;357;-0;0;-610;632;-264;0;-3.619;653;-0
22.06.2019;05:00;-3.758;629;-219;0;-277;0;-1.026;140;-353;362;-0;0;-610;666;-178;0;-3.703;811;-0
22.06.2019;06:00;-3.673;637;-104;0;-710;0;-1.043;212;-207;360;-0;0;-610;585;-83;0;-3.706;996;-0
22.06.2019;07:00;-3.008;496;-86;0;-762;0;-1.073;377;-43;386;-0;0;-610;656;-45;0;-3.650;1.346;-0
22.06.2019;08:00;-2.360;256;-265;0;-784;0;-954;701;-0;418;-0;0;-609;896;-60;0;-3.532;1.573;-0
22.06.2019;09:00;-1.690;262;-11;0;-917;0;-894;1.067;-0;450;-0;0;-609;930;-81;0;-3.516;1.629;-0
22.06.2019;10:00;-428;152;-0;0;-506;19;-881;1.482;-0;471;-0;0;-609;1.302;-1;0;-3.505;1.648;-0
22.06.2019;11:00;186;118;-29;0;-342;88;-981;1.841;-0;490;-0;0;-609;1.639;-0;0;-3.568;1.539;-0
22.06.2019;12:00;1.128;51;-225;156;-247;75;-978;2.479;-0;489;-0;0;-609;1.910;-0;0;-3.485;1.512;-0
22.06.2019;13:00;1.732;4;-435;224;-198;96;-612;2.860;-0;482;-0;0;-609;2.320;-0;0;-3.778;1.378;-0
22.06.2019;14:00;1.478;7;-429;304;-192;105;-709;2.769;-0;480;-0;0;-609;2.310;-0;0;-3.862;1.304;-0
22.06.2019;15:00;1.003;141;-379;166;-179;92;-873;2.612;-0;460;-0;0;-609;2.216;-0;0;-3.895;1.251;-0
22.06.2019;16:00;671;258;-254;146;-246;21;-970;2.386;-0;459;-0;0;-609;1.951;-0;0;-3.783;1.312;-0
22.06.2019;17:00;-873;282;-0;0;-810;19;-867;1.794;-0;472;-0;0;-549;1.296;-34;0;-3.668;1.192;-0
22.06.2019;18:00;-1.653;430;-61;0;-1.274;10;-690;1.585;-0;467;-0;0;-514;872;-162;0;-3.554;1.238;-0
22.06.2019;19:00;-2.735;675;-35;0;-1.650;2;-590;1.152;-0;454;-0;0;-510;416;-298;0;-3.590;1.239;-0
22.06.2019;20:00;-2.030;1.220;-0;0;-1.689;0;-745;1.249;-0;435;-0;0;-539;516;-245;0;-3.559;1.327;-0
22.06.2019;21:00;-716;1.787;-0;0;-1.596;0;-773;1.539;-0;421;-0;0;-587;634;-217;0;-3.417;1.493;-0
22.06.2019;22:00;3;2.380;-0;0;-1.452;0;-830;1.248;-0;431;-0;0;-609;317;-181;0;-2.938;1.637;-0
22.06.2019;23:00;861;2.344;-0;0;-663;15;-716;906;-1;426;-0;0;-609;598;-58;0;-2.900;1.519;-0
23.06.2019;00:00;813;2.214;-0;0;-281;59;-600;776;-17;410;-0;0;-609;682;-65;0;-3.136;1.380;-0
23.06.2019;01:00;483;2.345;-0;11;-277;121;-531;616;-59;384;-0;0;-609;937;-78;0;-3.563;1.186;-0
23.06.2019;02:00;-875;1.769;-0;25;-288;173;-810;505;-67;374;-0;0;-609;996;-85;0;-3.896;1.038;-0
23.06.2019;03:00;-2.115;957;-0;0;-482;172;-692;255;-43;370;-0;0;-609;883;-168;0;-3.552;794;-0
23.06.2019;04:00;-3.085;921;-0;0;-654;181;-666;9;-98;350;-0;0;-610;758;-250;0;-3.579;553;-0
23.06.2019;05:00;-2.129;1.664;-0;0;-644;206;-429;0;-243;336;-0;0;-610;778;-293;0;-3.352;458;-0
23.06.2019;06:00;-1.519;702;-0;0;-770;704;-421;161;-14;302;-0;0;-222;832;-148;0;-3.381;736;-0
23.06.2019;07:00;-1.399;204;-77;0;-891;793;-421;559;-0;313;-0;0;-7;803;-11;0;-3.671;1.007;-0
23.06.2019;08:00;-370;350;-0;0;-1.101;782;-421;998;-0;352;-0;63;-0;837;-0;0;-3.513;1.283;-0
23.06.2019;09:00;2.411;1.241;-0;0;-1.141;762;-421;1.480;-0;369;-0;506;-0;1.127;-0;0;-2.849;1.337;-0
23.06.2019;10:00;4.128;2.396;-0;0;-1.406;775;-421;1.914;-0;374;-0;588;-0;1.061;-8;0;-2.459;1.314;-0
23.06.2019;11:00;5.934;2.712;-0;0;-1.105;775;-421;2.127;-0;382;-0;588;-0;1.543;-0;0;-2.113;1.446;-0
23.06.2019;12:00;7.101;3.179;-0;0;-835;778;-421;2.163;-0;383;-0;588;-0;1.740;-0;0;-1.623;1.149;-0
23.06.2019;13:00;8.537;3.302;-0;0;-601;773;-421;2.485;-0;363;-0;588;-0;2.255;-0;0;-1.516;1.309;-0
23.06.2019;14:00;8.681;3.200;-0;0;-323;765;-421;2.431;-0;359;-0;588;-0;2.322;-0;0;-1.496;1.256;-0
23.06.2019;15:00;7.432;2.761;-0;0;-450;762;-421;2.331;-0;346;-0;588;-0;2.227;-0;0;-1.821;1.109;-0
23.06.2019;16:00;3.705;1.760;-0;0;-1.169;754;-421;2.040;-0;365;-0;588;-0;1.679;-0;0;-3.055;1.164;-0
23.06.2019;17:00;1.674;1.571;-0;0;-1.092;709;-421;1.418;-0;384;-0;416;-0;1.052;-26;0;-3.430;1.093;-0
23.06.2019;18:00;15;1.492;-0;0;-1.450;263;-421;1.432;-0;406;-0;0;-43;753;-136;0;-3.528;1.247;-0
23.06.2019;19:00;-955;1.489;-0;0;-1.589;266;-421;1.239;-0;423;-0;0;-305;844;-337;0;-3.761;1.197;-0
23.06.2019;20:00;-1.338;1.753;-0;0;-1.538;80;-433;1.102;-0;430;-0;0;-350;736;-519;0;-3.680;1.081;-0
23.06.2019;21:00;-1.037;2.415;-0;0;-1.747;72;-421;1.071;-0;420;-0;0;-399;510;-407;0;-3.721;1.170;-0
23.06.2019;22:00;162;3.112;-0;0;-1.642;46;-529;1.190;-0;426;-0;0;-594;349;-318;0;-3.175;1.297;-0
23.06.2019;23:00;1.255;2.576;-0;0;-385;122;-567;910;-17;398;-0;0;-610;487;-158;0;-2.892;1.391;-0
24.06.2019;00:00;763;2.725;0;0;-567;135;-556;693;-43;364;0;0;-525;800;-36;0;-3.552;1.325;0
24.06.2019;01:00;205;2.318;0;18;-357;75;-611;706;-5;345;0;0;-553;960;-68;0;-3.775;1.152;0
24.06.2019;02:00;-988;1.349;0;24;-470;43;-536;683;0;331;0;0;-285;1.054;-39;0;-4.202;1.060;0
24.06.2019;03:00;-2.270;1.106;-180;0;-819;50;-614;540;-1;335;0;0;-410;854;-106;0;-3.997;972;0
24.06.2019;04:00;-3.658;685;-812;0;-780;37;-988;340;-27;353;0;0;-130;844;-181;0;-3.856;857;0
24.06.2019;05:00;-2.348;812;-554;0;-654;31;-762;368;-44;386;0;0;-2;912;-140;0;-3.764;1.063;0
24.06.2019;06:00;-3.084;478;-370;0;-1.140;19;-595;643;-23;431;0;0;-487;564;-188;0;-3.788;1.372;0
24.06.2019;07:00;-3.950;501;-145;0;-1.730;35;-427;454;-1;500;0;0;-609;488;-523;0;-3.850;1.357;0
24.06.2019;08:00;-2.711;234;-269;0;-1.559;139;-421;853;0;550;0;0;-111;672;-380;0;-3.623;1.204;0
24.06.2019;09:00;-180;1.390;0;0;-1.513;273;-421;1.256;0;566;0;2;0;831;-190;0;-3.482;1.108;0
24.06.2019;10:00;2.951;1.906;0;0;-939;400;-421;1.424;0;573;0;345;0;1.340;-12;0;-2.908;1.243;0
24.06.2019;11:00;4.628;2.462;0;1;-733;362;-421;1.733;0;591;0;50;0;1.636;0;0;-2.207;1.154;0
24.06.2019;12:00;5.887;2.304;0;92;-476;355;-421;2.048;0;582;0;269;0;1.902;0;0;-1.985;1.217;0
24.06.2019;13:00;5.925;2.295;0;146;-548;601;-421;2.084;0;583;0;297;0;1.892;0;0;-2.159;1.155;0
24.06.2019;14:00;6.069;2.249;0;66;-480;705;-421;2.140;0;587;0;272;0;1.980;0;0;-2.250;1.221;0
24.06.2019;15:00;4.727;2.320;0;0;-746;208;-422;2.088;0;584;0;271;0;1.738;0;0;-2.570;1.256;0
24.06.2019;16:00;2.891;2.324;0;0;-1.400;103;-559;2.155;0;582;0;26;0;1.394;-22;0;-2.992;1.280;0
24.06.2019;17:00;1.150;2.179;0;0;-1.692;16;-549;1.922;0;596;0;2;0;1.137;-249;0;-3.441;1.229;0
24.06.2019;18:00;-931;1.517;0;0;-1.888;3;-699;1.652;0;608;0;2;0;809;-616;0;-3.549;1.230;0
24.06.2019;19:00;-2.902;1.649;0;0;-2.311;1;-860;1.181;0;609;0;0;-410;790;-1.163;0;-3.562;1.174;0
24.06.2019;20:00;-2.497;1.752;0;0;-1.869;6;-957;1.120;0;568;0;0;-448;693;-1.034;0;-3.540;1.212;0
24.06.2019;21:00;-892;2.001;0;0;-1.475;24;-1.005;1.690;0;534;0;0;-213;519;-542;0;-3.627;1.202;0
24.06.2019;22:00;709;2.873;0;0;-1.371;2;-1.006;1.747;0;525;0;0;-558;839;-296;0;-3.286;1.240;0
24.06.2019;23:00;1.813;3.287;0;0;-920;2;-1.025;1.298;0;473;0;0;-108;862;-164;0;-3.089;1.197;0
25.06.2019;00:00;-120;2.294;0;0;-805;5;-1.006;839;-20;435;0;0;-497;596;-39;0;-3.307;1.385;0
25.06.2019;01:00;-1.444;1.793;0;0;-889;0;-1.007;662;-1;413;0;0;-610;505;-8;0;-3.807;1.505;0
25.06.2019;02:00;-2.099;1.424;0;0;-790;12;-999;450;-20;402;0;0;-610;529;-40;0;-3.788;1.331;0
25.06.2019;03:00;-2.931;736;0;0;-796;0;-732;255;-69;413;0;0;-519;565;-94;0;-3.767;1.077;0
25.06.2019;04:00;-3.462;640;0;0;-1.004;0;-737;289;-99;433;0;0;-606;461;-142;0;-3.768;1.071;0
25.06.2019;05:00;-2.986;634;-1;0;-1.028;0;-1.006;439;-80;455;0;0;-108;387;-184;0;-3.855;1.361;0
25.06.2019;06:00;-2.749;861;-35;0;-1.493;8;-893;871;-1;484;0;0;-458;648;-318;0;-3.702;1.279;0
25.06.2019;07:00;-2.947;739;-466;0;-1.708;9;-653;1.076;0;557;0;0;-241;829;-508;0;-3.850;1.269;0
25.06.2019;08:00;-1.988;1.516;-605;0;-1.933;18;-386;1.088;0;598;0;0;-13;915;-549;0;-3.688;1.051;0
25.06.2019;09:00;182;2.596;-493;56;-1.763;27;-427;1.332;0;607;0;0;-476;1.232;-350;0;-3.176;1.017;0
25.06.2019;10:00;1.405;2.659;-531;68;-1.611;34;-322;1.421;0;629;0;0;-98;1.230;-198;0;-2.825;949;0
25.06.2019;11:00;2.547;2.669;-540;55;-1.421;69;-182;1.651;0;597;0;2;0;1.256;-88;0;-2.543;1.022;0
25.06.2019;12:00;3.476;2.608;-396;0;-1.203;186;-24;1.856;0;609;0;2;0;1.239;-16;0;-2.432;1.047;0
25.06.2019;13:00;3.729;2.669;-237;0;-1.075;297;-2;1.726;0;609;0;2;0;1.447;0;0;-2.678;971;0
25.06.2019;14:00;3.257;2.665;-180;0;-997;213;-107;1.626;0;599;0;2;0;1.316;-2;0;-2.814;936;0
25.06.2019;15:00;2.459;2.581;-184;0;-1.099;78;-258;1.633;0;593;0;2;0;1.346;-3;0;-3.232;1.002;0
25.06.2019;16:00;2.123;2.610;-258;0;-1.369;18;-361;1.629;0;591;0;0;-56;1.165;-82;0;-2.934;1.170;0
25.06.2019;17:00;199;2.615;-501;0;-1.635;32;-371;1.389;0;611;0;0;-212;829;-373;0;-3.179;994;0
25.06.2019;18:00;-4.136;1.803;-915;0;-2.712;7;-482;714;0;624;0;0;-349;557;-861;0;-3.478;956;0
25.06.2019;19:00;-7.135;968;-1.231;0;-2.911;7;-590;208;-94;614;0;0;-578;659;-1.391;0;-3.488;692;0
25.06.2019;20:00;-7.853;690;-1.227;0;-2.662;6;-958;129;-197;592;0;0;-598;634;-1.322;0;-3.568;628;0
25.06.2019;21:00;-6.942;936;-1.020;0;-2.296;6;-800;141;-166;580;0;0;-598;311;-1.248;0;-3.587;799;0
25.06.2019;22:00;-4.595;2.191;-636;0;-2.497;6;-839;274;-147;571;0;0;-598;494;-1.179;0;-3.216;981;0
25.06.2019;23:00;-3.809;2.476;-495;0;-2.127;9;-829;194;-228;533;0;0;-598;333;-941;0;-3.157;1.021;0
26.06.2019;00:00;-5.653;1.508;-803;0;-1.913;15;-433;144;-453;496;0;0;-598;50;-753;0;-3.623;710;0
26.06.2019;01:00;-5.746;1.285;-789;0;-1.874;17;-419;48;-507;470;0;0;-598;245;-824;0;-3.373;573;0
26.06.2019;02:00;-6.877;631;-684;0;-1.935;7;-483;0;-657;452;0;0;-598;107;-723;0;-3.441;447;0
26.06.2019;03:00;-6.538;254;-445;0;-1.806;19;-392;0;-570;449;0;0;-598;49;-637;0;-3.486;625;0
26.06.2019;04:00;-7.450;7;-502;0;-1.847;18;-404;2;-680;463;0;0;-598;4;-716;0;-3.792;595;0
26.06.2019;05:00;-6.950;30;-495;0;-2.001;54;-338;111;-551;485;0;0;-598;30;-666;0;-3.789;778;0
26.06.2019;06:00;-5.946;87;-566;0;-1.964;55;-425;149;-408;516;0;0;-401;499;-1.023;0;-3.515;1.050;0
26.06.2019;07:00;-4.215;299;-494;0;-2.222;103;-100;233;-293;578;0;0;-44;831;-1.000;0;-3.114;1.008;0
26.06.2019;08:00;-2.820;692;-217;0;-2.360;85;-214;356;-90;618;0;2;0;814;-638;0;-2.934;1.066;0
26.06.2019;09:00;-82;1.721;-3;0;-2.267;330;-199;659;-1;631;0;2;0;978;-219;0;-2.657;943;0
26.06.2019;10:00;2.994;2.224;0;0;-1.574;297;-256;1.038;0;617;0;2;0;1.447;-72;13;-1.827;1.085;0
26.06.2019;11:00;4.012;2.157;0;0;-1.285;134;-209;1.249;0;625;0;2;0;1.352;-14;7;-1.163;1.157;0
26.06.2019;12:00;4.321;1.978;0;0;-1.443;62;-272;1.753;0;621;0;2;0;1.355;0;79;-985;1.171;0
26.06.2019;13:00;5.092;1.786;0;6;-816;236;-277;1.627;0;616;0;2;0;1.796;0;11;-1.122;1.227;0
26.06.2019;14:00;5.708;1.472;0;82;-295;442;-397;1.933;0;617;0;2;0;1.719;0;0;-1.080;1.213;0
26.06.2019;15:00;4.670;1.351;0;0;-367;265;-580;1.979;0;625;0;0;-94;1.634;0;0;-1.515;1.372;0
26.06.2019;16:00;3.425;1.171;0;0;-702;39;-568;2.117;0;618;0;0;-268;1.553;-1;0;-1.952;1.418;0
26.06.2019;17:00;2.487;1.259;0;0;-1.178;57;-340;2.162;0;620;0;0;-479;1.312;-60;0;-2.282;1.416;0
26.06.2019;18:00;1.664;1.543;0;0;-1.600;61;-464;2.078;-7;608;0;0;-605;914;-232;0;-2.018;1.386;0
26.06.2019;19:00;-815;1.053;0;0;-2.246;75;-588;1.744;-34;600;0;0;-611;676;-401;0;-2.443;1.360;0
26.06.2019;20:00;-1.086;1.176;0;0;-1.946;33;-656;1.590;-52;589;0;0;-611;729;-480;0;-2.686;1.228;0
26.06.2019;21:00;-1.571;682;0;0;-1.411;67;-612;1.527;-91;557;0;0;-611;519;-427;0;-3.106;1.335;0
26.06.2019;22:00;73;1.442;0;0;-1.526;48;-648;1.465;-92;536;0;0;-611;786;-386;0;-2.315;1.374;0
26.06.2019;23:00;-81;1.274;0;0;-1.130;48;-632;1.265;-118;495;0;0;-611;717;-204;0;-2.459;1.274;0
27.06.2019;00:00;-498;853;-13;0;-744;22;-740;969;-113;463;0;0;-611;992;-94;0;-3.015;1.533;0
27.06.2019;01:00;-1.340;749;-253;0;-737;7;-870;1.013;-99;443;0;0;-611;664;-48;0;-3.280;1.682;0
27.06.2019;02:00;-2.478;665;-742;0;-887;7;-885;1.034;-75;428;0;0;-611;770;-31;0;-3.802;1.651;0
27.06.2019;03:00;-2.552;645;-680;0;-867;7;-795;909;-83;433;0;0;-611;726;-40;0;-3.758;1.562;0
27.06.2019;04:00;-3.149;591;-651;0;-1.219;7;-880;860;-89;453;0;0;-610;754;-70;0;-3.861;1.566;0
27.06.2019;05:00;-3.533;493;-733;0;-1.378;7;-879;1.055;-62;472;0;0;-610;531;-122;0;-3.682;1.375;0
27.06.2019;06:00;-4.041;419;-686;0;-1.713;7;-878;1.176;-11;513;0;0;-610;447;-479;0;-3.631;1.405;0
27.06.2019;07:00;-2.498;605;-14;0;-1.664;7;-867;1.579;-20;562;0;0;-611;534;-617;0;-3.312;1.320;0
27.06.2019;08:00;-1.194;982;0;0;-1.968;5;-774;1.533;-2;601;0;0;-152;533;-420;0;-2.886;1.354;0
27.06.2019;09:00;1.432;1.393;0;0;-956;5;-687;1.539;-45;619;0;0;-48;620;-65;0;-2.184;1.241;0
27.06.2019;10:00;3.891;1.360;0;0;-568;8;-726;1.803;-2;633;0;2;0;1.452;-39;0;-1.509;1.477;0
27.06.2019;11:00;5.598;1.273;0;54;-91;9;-696;1.949;0;626;0;2;0;1.640;-1;0;-747;1.580;0
27.06.2019;12:00;5.881;1.523;0;0;-218;65;-558;1.710;0;616;0;2;0;1.672;0;58;-413;1.424;0
27.06.2019;13:00;6.005;1.504;0;147;-111;134;-510;1.540;0;607;0;2;0;1.989;0;1;-646;1.348;0
27.06.2019;14:00;5.669;1.111;0;271;0;44;-570;1.772;0;600;0;2;0;1.817;0;0;-771;1.393;0
27.06.2019;15:00;5.039;1.174;0;63;-157;41;-683;1.966;0;604;0;2;0;1.714;0;0;-1.122;1.437;0
27.06.2019;16:00;4.415;1.454;0;0;-284;61;-668;1.841;0;594;0;0;-282;1.519;-7;0;-1.325;1.512;0
27.06.2019;17:00;2.761;1.320;0;0;-880;41;-507;1.755;0;598;0;0;-253;1.065;-104;0;-1.790;1.516;0
27.06.2019;18:00;483;1.152;0;0;-1.602;12;-480;1.480;-53;606;0;0;-295;333;-264;0;-1.947;1.541;0
27.06.2019;19:00;-3.497;335;0;0;-2.026;11;-730;794;-269;601;0;0;-517;57;-745;0;-2.531;1.523;0
27.06.2019;20:00;-3.872;637;0;0;-1.759;8;-791;684;-336;563;0;0;-504;51;-858;0;-3.055;1.488;0
27.06.2019;21:00;-3.420;593;-8;0;-1.279;35;-780;832;-169;518;0;0;-547;63;-733;0;-3.385;1.440;0
27.06.2019;22:00;-3.329;822;-167;0;-1.434;8;-842;784;-112;501;0;0;-608;75;-670;0;-3.060;1.374;0
27.06.2019;23:00;-3.182;613;-253;0;-1.133;9;-832;782;-113;465;0;0;-609;192;-321;0;-3.315;1.333;0
28.06.2019;00:00;-5.081;5;-582;0;-1.212;10;-819;376;-252;428;0;0;-610;378;-281;0;-4.003;1.481;0
28.06.2019;01:00;-5.606;0;-599;0;-1.168;18;-833;162;-281;411;0;0;-610;337;-375;0;-3.982;1.314;0
28.06.2019;02:00;-5.397;0;-531;0;-1.032;12;-818;135;-230;404;0;0;-610;398;-381;0;-4.029;1.285;0
28.06.2019;03:00;-5.632;0;-579;0;-1.072;7;-837;96;-281;408;0;0;-610;375;-433;0;-3.959;1.253;0
28.06.2019;04:00;-6.621;0;-716;0;-1.306;7;-839;58;-446;419;0;0;-610;272;-545;0;-3.988;1.073;0
28.06.2019;05:00;-7.582;0;-1.435;0;-1.372;8;-843;22;-500;437;0;0;-610;282;-566;0;-4.106;1.101;0
28.06.2019;06:00;-7.909;0;-2.376;0;-1.428;10;-694;244;-242;478;0;0;-568;418;-850;0;-4.209;1.308;0
28.06.2019;07:00;-7.371;0;-2.430;0;-1.814;31;-150;226;-189;531;0;0;-327;598;-1.035;0;-4.033;1.221;0
28.06.2019;08:00;-5.698;0;-1.816;0;-1.856;9;-270;173;-88;568;0;0;-27;749;-751;0;-3.671;1.282;0
28.06.2019;09:00;-3.276;0;-1.093;0;-1.811;38;-383;664;0;580;0;3;0;984;-346;0;-3.181;1.269;0
28.06.2019;10:00;-1.997;362;-963;0;-1.829;73;-86;631;0;586;0;3;0;770;-128;0;-2.643;1.227;0
28.06.2019;11:00;904;412;-770;0;-1.097;84;-81;1.021;0;591;0;3;0;1.244;-24;60;-1.632;1.093;0
28.06.2019;12:00;2.058;369;-656;0;-629;135;-216;1.314;0;556;0;3;0;1.420;0;61;-1.466;1.167;0
28.06.2019;13:00;1.836;246;-457;22;-487;93;-314;1.246;0;571;0;3;0;1.497;0;0;-1.666;1.082;0
28.06.2019;14:00;1.910;371;-345;0;-420;81;-488;1.179;0;571;0;0;-56;1.508;0;0;-1.642;1.151;0
28.06.2019;15:00;1.425;88;-441;0;-287;64;-475;1.211;0;565;0;0;-137;1.433;0;0;-1.786;1.190;0
28.06.2019;16:00;-575;0;-991;0;-679;60;-558;1.057;0;571;0;0;-236;1.181;-28;0;-2.232;1.280;0
28.06.2019;17:00;-2.817;0;-1.408;0;-1.304;51;-370;634;0;587;0;0;-267;660;-193;0;-2.589;1.382;0
28.06.2019;18:00;-6.063;0;-1.821;0;-2.170;49;-299;138;-131;596;0;0;-367;257;-629;0;-2.900;1.214;0
28.06.2019;19:00;-8.401;0;-2.085;0;-2.864;39;-254;1;-396;593;0;0;-487;463;-1.283;0;-3.094;966;0
28.06.2019;20:00;-8.958;0;-2.053;0;-2.602;18;-484;0;-575;571;0;0;-604;303;-1.303;0;-3.154;925;0
28.06.2019;21:00;-7.657;0;-1.681;0;-2.080;7;-585;29;-364;529;0;0;-610;250;-1.145;0;-3.155;1.148;0
28.06.2019;22:00;-6.458;0;-1.327;0;-1.879;7;-705;36;-370;519;0;0;-610;122;-1.034;0;-2.351;1.134;0
28.06.2019;23:00;-6.010;0;-1.208;0;-1.336;7;-769;0;-432;483;0;0;-610;132;-958;0;-2.400;1.081;0
29.06.2019;00:00;-7.014;0;-1.062;0;-1.680;7;-944;0;-222;452;0;0;-610;207;-760;0;-3.488;1.086;0
29.06.2019;01:00;-6.965;0;-1.264;0;-1.543;7;-955;0;-302;430;0;0;-609;192;-520;0;-3.396;995;0
29.06.2019;02:00;-7.742;0;-1.677;0;-1.369;7;-878;0;-452;415;0;0;-610;186;-428;0;-3.765;829;0
29.06.2019;03:00;-8.279;0;-2.345;0;-1.156;7;-898;0;-522;414;0;0;-610;257;-460;0;-3.708;742;0
29.06.2019;04:00;-9.015;0;-2.371;0;-1.295;7;-913;0;-673;404;0;0;-609;167;-576;0;-3.719;563;0
29.06.2019;05:00;-8.879;0;-2.272;0;-1.282;7;-844;0;-664;397;0;0;-609;193;-591;0;-3.769;555;0
29.06.2019;06:00;-7.589;0;-2.200;0;-1.305;7;-920;1;-289;393;0;0;-609;307;-359;0;-3.546;931;0
29.06.2019;07:00;-6.271;0;-2.305;0;-1.151;7;-949;119;-79;414;0;0;-610;410;-194;0;-3.255;1.322;0
29.06.2019;08:00;-4.073;0;-1.241;0;-1.171;7;-842;396;0;445;0;0;-610;612;-87;0;-2.926;1.344;0
29.06.2019;09:00;-962;23;-400;0;-717;7;-773;845;0;466;0;0;-609;1.087;-54;0;-2.205;1.368;0
29.06.2019;10:00;1.609;249;-202;23;-164;38;-416;1.139;0;474;0;0;-508;1.538;0;18;-1.638;1.058;0
29.06.2019;11:00;3.358;504;-117;307;0;46;-700;1.237;0;479;0;0;-483;1.951;0;243;-1.245;1.136;0
29.06.2019;12:00;4.185;526;-145;568;0;24;-754;1.272;0;476;0;0;-534;1.986;0;522;-983;1.227;0
29.06.2019;13:00;4.145;371;-156;521;0;211;-568;1.249;0;465;0;0;-257;1.962;0;378;-1.220;1.189;0
29.06.2019;14:00;3.772;336;-304;494;0;371;-471;1.126;0;455;0;0;-107;1.909;0;250;-1.373;1.086;0
29.06.2019;15:00;2.891;259;-254;446;0;240;-583;1.154;0;451;0;0;-195;1.774;0;12;-1.588;1.175;0
29.06.2019;16:00;1.599;337;-190;203;-41;41;-686;1.085;0;468;0;0;-452;1.597;0;0;-1.938;1.175;0
29.06.2019;17:00;-399;824;-286;0;-933;7;-632;720;0;489;0;0;-553;978;-37;0;-2.004;1.028;0
29.06.2019;18:00;-4.253;896;-390;0;-1.915;7;-791;186;-82;489;0;0;-608;147;-573;0;-2.300;681;0
29.06.2019;19:00;-6.722;749;-507;0;-2.446;7;-781;1;-261;498;0;0;-609;182;-1.323;0;-2.755;523;0
29.06.2019;20:00;-7.254;508;-500;0;-2.438;7;-771;1;-390;500;0;0;-609;184;-1.488;0;-2.981;725;-2
29.06.2019;21:00;-5.652;688;-378;0;-2.035;7;-765;43;-202;494;0;0;-610;212;-1.170;0;-2.990;1.054;0
29.06.2019;22:00;-5.005;1.101;-100;0;-2.377;7;-777;33;-220;491;0;0;-609;51;-995;0;-2.620;1.010;0
29.06.2019;23:00;-2.603;1.505;0;0;-1.488;7;-764;159;-218;440;0;0;-609;192;-578;0;-2.321;1.072;0
30.06.2019;00:00;-34;1.502;0;0;-964;7;-555;550;-20;404;0;0;-610;487;-337;0;-1.718;1.220;0
30.06.2019;01:00;-442;1.554;0;0;-740;7;-552;321;-84;377;0;0;-610;515;-302;0;-1.868;940;0
30.06.2019;02:00;-249;1.168;0;0;-303;43;-425;315;-106;363;0;0;-212;533;-249;0;-2.250;874;0
30.06.2019;03:00;-278;739;-118;0;-198;389;-18;186;-79;366;0;0;-172;545;-197;0;-2.500;779;0
30.06.2019;04:00;16;1.031;-169;0;-345;907;0;86;-123;361;0;0;-70;517;-227;0;-2.615;663;0
30.06.2019;05:00;1.654;1.634;0;0;-291;985;0;229;-274;354;0;0;0;659;-210;0;-2.189;757;0
30.06.2019;06:00;2.851;2.293;0;78;-293;1.050;0;379;-151;344;0;162;0;722;-85;0;-2.651;1.003;0
30.06.2019;07:00;3.992;2.349;0;5;-181;1.106;0;510;-37;362;0;197;0;920;-6;0;-2.389;1.156;0
30.06.2019;08:00;4.921;1.882;0;4;-166;1.141;0;731;0;394;0;222;0;1.307;0;0;-1.872;1.278;0
30.06.2019;09:00;6.786;2.338;0;115;-239;1.042;0;1.048;0;423;0;199;0;1.551;0;211;-1.116;1.214;0
30.06.2019;10:00;8.942;2.997;0;191;-242;1.052;0;1.375;0;447;0;175;0;1.758;0;626;-582;1.145;0
30.06.2019;11:00;11.517;3.244;0;313;-101;1.006;0;1.738;0;461;0;127;0;2.194;0;1.299;-21;1.257;0
30.06.2019;12:00;13.252;3.176;0;387;-97;1.037;0;2.138;0;463;0;72;0;2.297;0;2.565;0;1.214;0
30.06.2019;13:00;12.128;2.909;0;215;-7;892;0;2.120;0;441;0;70;0;2.394;0;1.919;0;1.175;0
30.06.2019;14:00;11.760;2.644;0;230;0;1.029;0;2.095;0;443;0;70;0;2.345;0;1.796;0;1.108;0
30.06.2019;15:00;12.997;3.093;0;428;0;1.043;0;2.166;0;433;0;4;0;2.550;0;2.062;0;1.218;0
30.06.2019;16:00;10.669;3.312;0;239;-201;782;0;2.059;0;440;0;0;-56;1.908;0;1.054;-13;1.145;0
30.06.2019;17:00;6.704;3.244;0;113;-629;20;-229;1.539;0;462;0;0;-309;1.276;-76;687;-462;1.068;0
30.06.2019;18:00;1.547;1.516;0;0;-963;7;-811;1.334;0;460;0;0;-585;567;-235;164;-1.029;1.122;0
30.06.2019;19:00;-1.354;1.158;0;0;-1.581;7;-863;945;0;467;0;0;-610;217;-592;0;-1.599;1.097;0
30.06.2019;20:00;-1.142;1.780;0;0;-1.637;7;-811;786;-3;480;0;0;-610;367;-894;0;-1.694;1.087;0
30.06.2019;21:00;-1.397;1.801;0;0;-1.658;7;-834;765;-80;487;0;0;-610;277;-892;0;-1.948;1.288;0
30.06.2019;22:00;-67;2.144;0;0;-1.331;8;-824;687;-190;507;0;0;-610;299;-985;221;-1.246;1.253;0
30.06.2019;23:00;-686;1.944;0;0;-1.520;12;-811;572;-329;474;0;0;-610;172;-775;175;-1.176;1.186;0
01.07.2019;00:00;-2.220;518;0;0;-1.254;7;-844;677;-342;436;0;0;-610;422;-430;0;-2.048;1.248;0
01.07.2019;01:00;-4.319;9;-742;0;-1.270;7;-827;554;-237;405;0;0;-610;505;-246;0;-3.031;1.164;0
01.07.2019;02:00;-5.218;0;-1.618;0;-1.001;7;-828;482;-163;391;0;0;-610;655;-90;0;-3.648;1.205;0
01.07.2019;03:00;-5.929;0;-2.166;0;-1.059;7;-814;474;-131;388;0;0;-610;834;-75;0;-4.037;1.260;0
01.07.2019;04:00;-6.627;0;-2.313;0;-1.100;10;-768;284;-217;405;0;0;-610;635;-175;0;-3.951;1.173;0
01.07.2019;05:00;-6.293;0;-2.363;0;-947;7;-792;429;-302;439;0;0;-610;579;-174;0;-3.912;1.353;0
01.07.2019;06:00;-7.296;0;-2.716;0;-1.411;11;-761;525;-162;484;0;0;-599;549;-755;0;-3.911;1.450;0
01.07.2019;07:00;-6.865;0;-2.263;0;-1.686;12;-745;632;-91;545;0;0;-592;583;-1.011;0;-3.562;1.313;0
01.07.2019;08:00;-5.631;0;-1.544;0;-2.253;7;-811;889;-10;576;0;0;-594;632;-911;0;-2.925;1.313;0
01.07.2019;09:00;-3.432;147;-714;0;-2.324;7;-816;1.409;0;585;0;0;-593;726;-446;0;-2.609;1.196;0
01.07.2019;10:00;-241;509;-253;0;-1.921;13;-739;1.776;0;598;0;0;-594;1.101;-161;0;-1.843;1.273;0
01.07.2019;11:00;2.369;858;0;0;-1.226;32;-657;2.010;0;591;0;0;-595;1.097;-99;0;-977;1.335;0
01.07.2019;12:00;4.767;1.109;0;53;-474;185;-567;1.939;0;564;0;0;-593;1.467;-18;67;-210;1.245;0
01.07.2019;13:00;6.252;1.315;0;264;-1;411;-584;1.793;0;577;0;0;-105;1.622;-46;0;-383;1.389;0
01.07.2019;14:00;6.712;1.248;0;580;0;491;-547;1.652;0;585;0;2;0;1.620;-83;0;-388;1.552;0
01.07.2019;15:00;7.085;1.503;0;673;0;272;-584;1.610;0;563;0;2;0;1.737;-120;117;-410;1.722;0
01.07.2019;16:00;5.409;1.577;0;236;-36;312;-585;1.584;0;545;0;0;-360;1.450;-183;0;-687;1.556;0
01.07.2019;17:00;3.329;1.877;0;0;-656;164;-585;1.442;0;552;0;0;-596;1.127;-229;0;-1.261;1.494;0
01.07.2019;18:00;2.689;2.248;0;0;-1.241;89;-586;1.413;0;560;0;0;-610;800;-343;0;-1.059;1.418;0
01.07.2019;19:00;1.116;2.097;0;0;-1.718;43;-600;1.352;0;561;0;0;-610;482;-396;0;-1.528;1.433;0
01.07.2019;20:00;-227;2.095;0;0;-1.857;7;-717;1.140;0;539;0;0;-610;364;-330;0;-2.222;1.364;0
01.07.2019;21:00;-977;1.655;0;0;-1.469;7;-788;1.307;0;520;0;0;-610;549;-442;0;-3.065;1.359;0
01.07.2019;22:00;151;2.154;0;0;-1.398;7;-768;1.281;0;519;0;0;-610;470;-573;0;-2.383;1.452;0
01.07.2019;23:00;2.014;2.350;0;0;-824;7;-774;1.351;0;469;0;0;-610;734;-229;0;-1.916;1.456;0
02.07.2019;00:00;249;1.614;0;0;-752;7;-799;1.011;0;418;0;0;-610;871;-160;0;-2.795;1.444;0
02.07.2019;01:00;-327;1.055;-155;0;-494;7;-781;908;0;406;0;0;-610;1.079;-70;0;-3.008;1.336;0
02.07.2019;02:00;-778;1.008;-594;42;-203;7;-785;851;0;407;0;0;-610;1.168;-50;0;-3.318;1.299;0
02.07.2019;03:00;-1.232;1.011;-527;0;-238;7;-780;767;0;409;0;0;-610;1.161;-63;0;-3.604;1.235;0
02.07.2019;04:00;-2.135;950;-774;0;-541;11;-693;843;0;410;0;0;-611;1.081;-95;0;-3.928;1.212;0
02.07.2019;05:00;-2.865;848;-1.071;0;-905;7;-773;945;0;431;0;0;-610;1.003;-161;0;-3.929;1.350;0
02.07.2019;06:00;-2.798;1.002;-815;0;-1.232;7;-755;1.118;0;473;0;0;-610;781;-306;0;-3.848;1.387;0
02.07.2019;07:00;-900;1.449;-32;0;-1.311;7;-691;1.000;0;528;0;0;-610;736;-398;0;-2.967;1.389;0
02.07.2019;08:00;1.027;2.087;0;0;-1.339;9;-672;993;0;565;0;0;-610;797;-216;0;-1.841;1.254;0
02.07.2019;09:00;-;-;-;-;-;-;-;-;-;-;-;-;-;-;-;-;-;-;-
02.07.2019;10:00;-;-;-;-;-;-;-;-;-;-;-;-;-;-;-;-;-;-;-
02.07.2019;11:00;-;-;-;-;-;-;-;-;-;-;-;-;-;-;-;-;-;-;-
02.07.2019;12:00;-;-;-;-;-;-;-;-;-;-;-;-;-;-;-;-;-;-;-
02.07.2019;13:00;-;-;-;-;-;-;-;-;-;-;-;-;-;-;-;-;-;-;-
02.07.2019;14:00;-;-;-;-;-;-;-;-;-;-;-;-;-;-;-;-;-;-;-
02.07.2019;15:00;-;-;-;-;-;-;-;-;-;-;-;-;-;-;-;-;-;-;-
02.07.2019;16:00;-;-;-;-;-;-;-;-;-;-;-;-;-;-;-;-;-;-;-
02.07.2019;17:00;-;-;-;-;-;-;-;-;-;-;-;-;-;-;-;-;-;-;-
02.07.2019;18:00;-;-;-;-;-;-;-;-;-;-;-;-;-;-;-;-;-;-;-
02.07.2019;19:00;-;-;-;-;-;-;-;-;-;-;-;-;-;-;-;-;-;-;-
02.07.2019;20:00;-;-;-;-;-;-;-;-;-;-;-;-;-;-;-;-;-;-;-
02.07.2019;21:00;-;-;-;-;-;-;-;-;-;-;-;-;-;-;-;-;-;-;-
02.07.2019;22:00;-;-;-;-;-;-;-;-;-;-;-;-;-;-;-;-;-;-;-
02.07.2019;23:00;-;-;-;-;-;-;-;-;-;-;-;-;-;-;-;-;-;-;-
